date,EQ_VALUE,EQ_MOM,EQ_LOWVOL,RATES_CARRY,RATES_TREND,FX_CARRY,FX_VALUE,COM_CARRY,COM_TREND,MULTI_TREND
2018-01-01,100,100,100,100,100,100,100,100,100,100
2018-01-02,100.131146336,99.9282590761,99.8841356681,99.7893735378,99.8657031902,100.187207915,100.410659441,100.236512274,99.7662341031,100.21263318
2018-01-03,99.8327821086,100.009999601,101.113434999,99.2557492134,99.8959932343,100.307005334,101.268305198,100.38557622,99.0856808829,100.784880958
2018-01-04,100.350236628,100.190423622,100.761057697,99.2741344916,99.5971736854,100.646324471,100.931485446,100.435803695,98.6109454141,100.496736003
2018-01-05,100.547781975,100.213366267,100.435159092,99.1834238483,99.145795951,100.323118469,100.842375876,101.145226631,97.9090696789,101.341073052
2018-01-08,100.451704504,100.270156602,100.061286247,99.7407724629,99.5926675344,99.9554152816,100.63388755,102.035331599,96.8037388028,101.48312739
2018-01-09,100.570548963,100.148594403,100.095507108,100.408705103,100.051495672,99.7681780574,100.483783733,101.099057699,97.5964253798,100.889388698
2018-01-10,100.655602474,100.297929673,100.066117252,100.435216345,100.644537372,99.8300061259,100.378882362,101.706200006,97.861250012,101.625386897
2018-01-11,100.617938232,100.215475522,99.3345342935,100.246991262,100.075438844,99.8921195523,99.8093878436,102.281880624,97.7822096828,101.467310271
2018-01-12,100.393999226,100.346193235,99.033379531,99.9107343533,100.503707505,99.9793361343,99.6744994618,102.761457141,97.6410675536,101.736777426
2018-01-15,100.307121135,101.058712634,98.8981216403,100.466920587,100.420202982,100.305814011,99.9190692595,103.615664654,96.9987142464,102.214699701
2018-01-16,100.98524999,101.243542124,99.2387286815,100.087868653,100.18150816,100.971626549,99.6893387049,103.20201218,98.2852166184,102.380433285
2018-01-17,101.318382084,101.112350346,99.1659386191,100.092675847,100.304360288,100.529614478,99.7966090878,103.699989376,97.811837116,102.07911479
2018-01-18,101.104437837,101.206579956,98.7861856809,100.071832185,100.885140361,100.814348606,99.333736758,103.071419158,98.3899824158,102.254486418
2018-01-19,100.94978485,101.50803252,98.8710716601,100.787157804,100.733938636,101.302633812,98.8007121201,102.816168745,98.6419027558,102.643865714
2018-01-22,100.670889444,101.449476825,98.3235101,100.831807748,100.989496079,101.130048612,98.6680182625,102.154974258,98.1600201064,103.719165843
2018-01-23,100.746229602,101.272744429,98.2363420949,100.5294634,100.637616257,101.59513693,98.5750442689,103.33893002,97.977339265,103.547733816
2018-01-24,100.990230902,100.619400818,98.4121607595,100.500214271,100.986768798,101.984056031,98.1445010025,104.241749279,97.7751691528,102.893783791
2018-01-25,101.101258398,100.535559296,99.0535416149,100.260184121,101.141858076,102.228865579,98.6803006188,104.622454287,98.8991865784,103.36408454
2018-01-26,101.055910465,100.773345279,98.979030997,100.16790627,101.67766448,102.575779588,98.717968948,104.187876621,99.9073111481,104.004846994
2018-01-29,101.348510893,100.898994501,99.358029976,99.9128421973,101.574881894,102.866390283,98.8260141155,104.526199375,100.343238561,104.529271767
2018-01-30,101.291599152,100.564914414,99.3790320606,99.9768654154,101.447182253,102.852712341,98.822478523,105.817609236,101.124255602,105.212467229
2018-01-31,101.463445011,100.804474225,99.1351825655,99.5925453379,101.167236078,103.029590672,97.9302796276,105.914251486,100.703700863,104.835526656
2018-02-01,101.280937013,100.677815615,99.6816337863,99.7338111976,101.177742775,103.039364334,97.8487188996,105.737941951,99.9947811629,105.432497594
2018-02-02,101.135187702,100.177772088,99.670493833,99.5074235592,100.759973053,102.845742294,98.3434879691,105.517676464,101.81775062,106.473629035
2018-02-05,101.311259294,100.912237234,99.7768704255,99.7217038039,101.037061294,102.614453725,98.3241922626,105.088644427,101.925535346,106.160657845
2018-02-06,101.277161299,101.121050685,99.8577557792,99.0370028554,100.686344638,102.384295878,98.0154919799,105.480667863,102.103430319,106.719389903
2018-02-07,101.536574447,101.541059492,100.173451762,99.0130840702,100.992332789,102.76275936,98.161894331,106.474311781,100.57537305,106.4500191
2018-02-08,101.366193646,101.742855617,100.603212575,98.5589085313,101.417050069,102.301502139,97.7484811824,106.09469053,100.498046726,105.73628459
2018-02-09,101.32807373,101.783377011,100.756665771,98.6022364322,101.414823621,102.123300831,98.3961006766,104.118831015,99.9456302605,105.917863761
2018-02-12,101.126375983,101.778807099,100.716717494,98.5233347051,101.41742514,102.374828465,98.2482347352,104.049554389,99.6735989171,105.813535463
2018-02-13,100.869050461,101.990458921,100.671375908,98.8290443343,101.503029119,102.753337543,97.9288777711,103.780678141,99.1054654691,105.382103255
2018-02-14,101.07536277,102.217991461,100.323838112,98.3500443573,101.579586717,102.701686885,97.448682443,102.278473425,99.9924015611,104.648571959
2018-02-15,100.765482123,102.026298759,100.31233213,98.199598665,101.738100807,102.778221513,97.5164936895,101.854550272,99.9123052881,105.127299634
2018-02-16,100.996484884,102.183285508,100.615935603,98.0287576002,101.823302545,102.716358999,97.3186045138,101.633281082,100.273709783,105.659324638
2018-02-19,100.889845366,102.329334193,100.605089558,98.3929249519,101.367621002,102.575038017,97.3523754467,101.621509283,100.09430022,104.321961967
2018-02-20,100.614445432,102.196895067,100.629161103,98.6959293951,101.617535282,102.50526384,97.4102988675,102.06986403,99.9209675158,104.424649556
2018-02-21,100.494232146,102.652373374,100.95054956,98.1194344948,101.7606443,102.737203032,97.3773163821,102.00556104,99.6089784042,104.649259419
2018-02-22,100.436695068,102.428028626,100.554473087,97.9985353204,101.664135863,102.512267631,97.6409944226,101.92214292,100.544194782,105.160734623
2018-02-23,100.396661792,102.250882306,100.255980454,97.7357869535,101.748435298,102.304134414,97.6879417021,101.466030434,99.5237133769,105.650848234
2018-02-26,100.339259147,102.116928267,99.8590914719,98.1689922724,101.899837088,102.244169805,97.5699250062,102.037277452,98.3711351262,106.606810075
2018-02-27,100.707592638,101.186989924,99.6858808655,98.0713908844,101.914797408,102.029127919,97.8331215955,101.922845773,97.6955471423,106.617436989
2018-02-28,101.063166895,101.128462426,99.3421339982,98.7251509866,101.594826975,102.245740795,97.6655794465,102.588293809,98.6496162018,106.626879668
2018-03-01,100.949002697,100.816303739,99.4602058292,98.3351091156,101.152673966,102.564654636,97.4064714839,103.385414043,100.123840403,106.495658104
2018-03-02,100.879205595,100.211485419,99.5243478519,98.1613165745,100.902876956,102.210803297,97.3434922182,102.547578568,101.099241153,106.391823307
2018-03-05,101.340326559,99.8195093515,100.120160499,97.7899057504,100.780139453,102.000759921,97.3955564767,102.551726187,102.526449859,107.165718145
2018-03-06,101.112673732,99.8046659383,99.7358776671,97.6529664304,100.609110201,101.848217423,97.3656611754,101.642492151,102.156002486,108.038478903
2018-03-07,101.752537618,100.172231568,99.4995566594,98.240746359,99.6153382672,102.607517197,97.2073357192,103.207044432,100.831205496,107.907766517
2018-03-08,101.534057595,99.7952671971,99.0048343951,98.0604355201,100.10923214,102.941610603,97.6439124426,102.769379527,100.284253336,107.49534491
2018-03-09,101.714069965,99.3885505403,99.3664794199,98.1683209292,100.257056002,102.670540684,97.9682926669,102.411587492,100.242802167,108.121625699
2018-03-12,101.692674413,99.2293123444,99.5122848004,98.3721161869,100.288916472,102.589809339,97.4128254535,103.482153792,101.028002498,108.508624278
2018-03-13,101.549103801,98.9525371395,99.9394951407,98.0714417154,100.146308494,102.909717852,97.6086225595,103.83114798,100.781091677,109.13520245
2018-03-14,101.948304165,98.9973567251,99.8244880992,97.8025705006,100.585248421,102.806001138,97.3775339712,103.717487529,101.170184587,109.670206663
2018-03-15,101.987052461,98.7299047718,100.296097571,97.8834637006,100.172050992,102.301715501,97.1356101426,102.738848746,100.871461013,110.026591115
2018-03-16,101.687301535,98.556303107,99.9258119398,97.7808428502,100.781710025,101.931892744,97.3671295021,101.374497637,102.028639318,110.124193803
2018-03-19,102.269236603,98.8267875737,100.466402159,97.7113468996,100.675735608,102.59424045,97.0963104748,102.414931588,101.748789208,110.027879144
2018-03-20,102.049579159,98.8079176946,99.9833835688,98.0133854373,100.686472232,102.402649305,96.9656869601,102.54105601,101.127353045,109.942959166
2018-03-21,101.800454525,99.4358379631,100.292530243,98.0862847207,100.94632182,101.731519014,95.978353874,102.049860481,100.497219498,109.918941844
2018-03-22,101.904603322,99.6740398802,100.000900238,98.0755271361,100.885899179,101.754694152,95.9353919662,102.445683936,100.876769707,111.046644697
2018-03-23,101.545329904,99.8181627634,99.8295511898,98.1173416772,101.235568343,101.675076588,94.6269096301,101.099833251,101.081914675,111.732201461
2018-03-26,101.999388062,99.8526078194,99.4649816837,97.9866495293,101.268490344,101.429895885,95.2865785967,102.508804942,101.31121842,111.693324973
2018-03-27,101.937344355,100.501170462,99.665683911,97.883777722,101.24435907,101.405609517,95.4410536394,101.723903908,102.153557872,111.480440241
2018-03-28,102.41680953,100.736677599,99.7963522751,97.6123804103,101.420958952,101.480222583,95.1182566003,102.476536508,101.798807549,110.153275275
2018-03-29,102.36096956,100.836077618,99.7292364026,97.308185217,101.489162294,101.277703672,94.9006322213,101.940212137,102.938059367,109.841336337
2018-03-30,102.600540216,100.796060712,100.20241022,97.5184708556,100.969670743,101.593239379,94.4288607841,101.573240811,102.056693742,108.863825131
2018-04-02,102.871327076,100.571480766,100.239022802,97.5805549059,100.94988613,101.191486227,94.490268536,101.185431664,103.643724946,109.229795255
2018-04-03,102.602363158,100.674464062,100.759165584,97.3222555473,100.721303166,100.995656731,94.3036510934,100.7466007,102.862743861,110.099638383
2018-04-04,102.286702569,100.630043676,101.102285624,97.2971060163,100.536366552,100.627279437,94.1883917671,100.442665991,102.907484496,109.320856268
2018-04-05,102.727959519,100.926795486,101.374182821,97.6296383011,100.374751592,100.679060319,93.9584133011,100.781929482,102.742863346,108.606832096
2018-04-06,101.912954891,100.407636901,101.194955477,97.7591353137,100.761420703,100.90597789,94.2826121755,100.972346014,103.348331847,109.90888514
2018-04-09,102.109748194,100.432049772,101.274219218,97.6134951126,100.917996122,100.572319434,94.5675339917,100.244112418,103.347930767,108.934260616
2018-04-10,102.636485041,100.41389254,101.59359542,97.7108412592,101.077704464,101.081942908,94.148808161,101.71908974,104.180336282,109.071633329
2018-04-11,102.891954225,100.038272961,101.469839824,98.0690635671,100.77950846,101.285143174,94.2665476826,103.160928412,102.919488198,109.937358356
2018-04-12,102.893246962,100.083329955,101.129963177,98.0080457167,100.690195667,101.073074059,94.5649296561,102.839911436,102.156872407,109.460602139
2018-04-13,102.856347294,99.9040351505,101.062522888,98.1932782139,101.048702445,100.907100624,94.0904609102,102.876431838,102.351678943,108.777052024
2018-04-16,102.665532326,99.6509013869,101.065800636,97.8029016846,101.337402077,100.410857324,93.4821561883,102.717862013,102.335610581,108.094372404
2018-04-17,102.652914265,99.8702702885,100.935931148,98.3112384619,101.03262569,101.212651094,93.4023961619,103.074004159,101.630212626,107.674955131
2018-04-18,102.770353184,99.467383454,101.047833507,98.303222977,101.385502321,101.328515502,93.6202941609,102.23707137,102.344411086,107.884138687
2018-04-19,103.086557121,99.5056160772,100.858977721,98.29564948,101.197194472,101.570461322,93.1215631681,103.263524742,101.163755346,107.877322148
2018-04-20,103.195015485,98.59893866,101.370014905,98.088444192,101.207626762,101.391081632,93.6514818132,102.485688524,102.400341332,108.544764375
2018-04-23,103.554871281,98.6270161938,101.981630515,98.1376434487,100.87055369,102.077509125,93.511275511,103.111252062,102.665945394,109.297797541
2018-04-24,103.224350267,98.5801131953,101.766415953,98.5501912341,100.930419832,102.058148169,92.7621442369,102.266245277,103.395294163,109.734665412
2018-04-25,103.2347514,98.347766628,101.502306501,99.2929097101,100.176849141,102.003059423,92.6144878568,101.102870456,103.710221379,110.495287423
2018-04-26,103.370971635,98.4592136656,101.615181785,99.9421216453,100.252841899,102.044265229,91.9313227082,102.57757747,102.595167598,109.592774561
2018-04-27,102.771129934,98.5316740137,101.312418273,100.032901179,100.702530088,101.495713704,91.8511121099,102.433577076,102.690106406,110.407191251
2018-04-30,102.74556463,98.8707301518,101.895361557,99.7254728565,100.642388384,101.805223287,92.1399531977,102.912721425,103.291072112,109.800938258
2018-05-01,103.128726869,99.3424087406,102.047621952,99.3870020215,100.493860332,101.963746906,91.7228800008,102.69261063,102.582982154,110.01929928
2018-05-02,103.117139193,98.7332792534,102.182563421,99.1413914049,100.764606223,101.737488295,91.4728363283,102.098011756,102.458176559,110.223821717
2018-05-03,103.112002756,98.6312804994,102.009962246,99.1082125298,101.325526398,101.413560252,91.2849166483,103.784475745,102.839770876,109.58079551
2018-05-04,103.429039498,98.5256097754,102.329518428,99.219163886,101.095883074,102.062115686,91.4891582802,104.529523033,102.996223861,109.177488616
2018-05-07,103.646526312,98.9398519969,102.424939397,99.6696260634,101.276568208,102.190754229,91.6139677838,104.673960535,102.285345006,109.089098325
2018-05-08,103.584813675,98.7384409131,102.425933456,99.773419998,101.480963527,102.311383799,91.6579902424,103.727845869,103.295201671,109.095016467
2018-05-09,103.990697116,99.088200025,102.529506874,100.343933261,101.528881352,102.883516664,91.6014025973,104.609063848,103.217755451,108.538248499
2018-05-10,103.93033157,98.8441533837,102.561730838,100.260842642,101.943343311,102.661195094,91.796859279,104.390944521,102.594458672,108.367194073
2018-05-11,103.718948854,99.1194028568,102.272302364,100.142883826,102.057008785,102.34870719,91.899722612,103.171285307,103.567749176,108.898579737
2018-05-14,104.069188473,99.3879204758,102.397542371,100.039162438,101.670761903,102.80524727,92.3687025372,102.494434939,103.939194229,108.704088496
2018-05-15,103.726940915,99.4011673203,102.210166238,99.8801415104,101.331747144,102.254049191,92.1806100045,102.411254995,103.366964708,109.06872823
2018-05-16,103.661097819,99.5127878847,102.123611331,99.6863845137,101.381277043,101.775952252,92.4368395492,101.728227899,103.976204419,108.979222579
2018-05-17,103.957486236,99.1717159321,101.867990972,100.003327929,101.315435442,102.126562875,92.6803422513,101.900011821,104.446134592,109.632183773
2018-05-18,103.702585345,99.2977528404,101.148601868,99.780085862,101.454905903,101.714783403,92.8218218448,102.519759416,104.043516973,109.133465517
2018-05-21,103.490247759,98.8603070035,101.134129507,99.5330388031,101.630066151,102.16460698,92.5429051773,103.363680885,103.479848931,109.368664909
2018-05-22,104.070623816,99.3865827269,101.304630304,99.3400259677,101.843638904,102.274104297,92.8634413158,105.016843311,103.744829469,109.512035289
2018-05-23,104.168156503,98.853992744,101.390671141,99.0928309396,101.663304485,102.81993477,92.8635457213,104.117181578,104.714291211,109.198720978
2018-05-24,104.044977367,99.3040367114,101.337590061,98.9659425111,101.72787035,102.779073113,93.4054976289,103.978708481,105.033567891,109.946346364
2018-05-25,104.196614398,99.619448641,101.659062113,98.8873466967,101.579522275,103.080863911,93.2818968594,104.479064983,104.953040139,109.658499272
2018-05-28,104.399139135,99.8004121703,101.861324659,98.8843871689,101.367702493,103.57756193,92.4612154932,104.646340955,104.619206568,108.897518889
2018-05-29,104.745606265,99.7345062519,101.869931724,98.7931276677,101.335761094,103.053906863,92.4547405293,103.778791946,104.645931073,107.742044122
2018-05-30,104.639438294,100.274602985,102.296351238,98.8813630538,101.790936728,103.46941308,92.2741009814,103.584764566,105.253243889,107.700131046
2018-05-31,105.265420688,100.277439029,102.833372136,99.0660416296,102.063290782,104.168919314,91.6950550369,103.60127266,104.326602043,106.947958769
2018-06-01,105.777075632,100.456265162,103.052871371,99.2234686594,101.293128642,104.744154269,91.7685952705,103.610845324,105.18850507,107.477786077
2018-06-04,105.71097998,99.7135252148,103.095772119,99.0801533611,101.146261328,104.670168483,91.7233353366,102.577511878,105.835636498,107.385570581
2018-06-05,105.908303847,99.8126113805,103.636372568,99.1042590799,100.944441538,104.709557113,92.0459470648,103.352221998,106.458262671,107.548533999
2018-06-06,105.863652056,99.2013711461,103.23411056,99.1025821119,100.759598027,104.048575356,91.3219267995,101.946204845,106.610509436,107.759109184
2018-06-07,105.569070772,99.2244353995,103.035052454,99.4666348243,100.82669294,104.347151718,91.2492583244,101.485281537,106.160880799,107.114295949
2018-06-08,105.611155365,98.9563208499,103.305215558,98.7489828163,101.064374261,104.565731944,91.7442014471,101.186069845,106.32655763,107.327134252
2018-06-11,106.0519668,98.6700710065,103.069060542,99.5009803161,101.073337732,104.147204522,91.3044461347,100.220922845,105.972964311,107.519167443
2018-06-12,105.432585375,98.2371347979,103.101546297,99.1012577338,101.018720017,103.795924632,90.8545166206,99.9677127223,105.01045902,107.874843808
2018-06-13,105.147337407,98.3024872504,102.924416096,99.4796148994,100.658208774,103.849544554,90.5446767262,99.8332807056,105.296291797,107.553682871
2018-06-14,105.649458508,98.85071886,103.287517447,99.1318621065,100.199060047,104.433374212,90.5734457693,99.8222596462,105.841750982,107.031278767
2018-06-15,105.761786801,99.1934911474,103.109757852,99.1049372354,100.383179138,104.724584648,91.1342701715,100.724080855,105.828556449,105.772356876
2018-06-18,105.518296497,99.3897904725,102.729964581,98.8807223097,100.535894295,105.228687214,90.9552430117,100.320009978,105.939046326,106.00565824
2018-06-19,105.481160156,99.7641817177,102.493453252,98.9977753495,100.692999925,105.2152857,91.1974708615,100.775567187,106.071439337,105.993502875
2018-06-20,105.399628519,99.5123160812,102.211248718,99.3365902646,101.05240633,104.868803154,91.0802072158,99.8141965742,105.276369505,106.442843647
2018-06-21,105.217245819,99.3992134805,101.296880578,99.1560145876,101.301292438,104.904843762,91.4923284598,99.6475871204,105.161033482,105.978133044
2018-06-22,105.350923094,99.2425855019,100.912289444,98.8901394271,101.711016418,105.118141877,91.4867150383,99.9756716351,103.826314913,106.196625644
2018-06-25,105.00049422,99.3065071181,100.99666848,99.0541552897,101.426274835,104.721959155,91.0778475441,99.9080076336,103.226029877,106.424142262
2018-06-26,105.112714692,99.6056218764,101.317578293,99.1200046599,101.106859251,105.125121706,91.3424408349,99.7468079544,103.102660825,105.155828174
2018-06-27,105.510798158,99.9421976712,101.672875023,98.8601936301,101.418856754,105.216463063,91.6162527919,100.349030228,104.156067573,104.870583537
2018-06-28,105.546161672,99.518383925,102.304522184,98.6328304883,101.526224247,106.315589888,92.038086188,99.286062587,104.610177839,104.549272349
2018-06-29,105.133418752,99.1485838515,101.9754258,98.27335106,102.162769339,106.182805315,91.858611134,99.635979521,104.735753918,104.892386171
2018-07-02,105.404496575,99.2086921772,102.208129977,98.4564085331,102.036785966,106.031364792,92.7221117684,98.9322620553,105.362026538,105.129617032
2018-07-03,104.811658968,98.6318629664,101.820749206,98.460645523,101.814869228,105.36385533,92.7964657353,99.1571486884,105.67880538,104.268206262
2018-07-04,105.089458955,98.6040739085,101.993683296,98.5574543323,101.673680745,105.466280019,92.7669038026,100.06100723,105.604207062,104.632830385
2018-07-05,105.49456602,98.9555133374,101.603786266,98.8262982107,101.526320406,105.941775132,92.2956003432,99.704360412,106.59197964,104.063795298
2018-07-06,105.65874911,98.8952060037,101.41710592,98.8296534305,101.300145912,105.843814182,91.7659678444,99.4550195658,107.041331482,104.260355411
2018-07-09,105.441590526,99.2633087491,101.542043088,98.6210421601,101.513639323,105.972186095,91.2431132367,100.806989014,106.972689426,104.131072304
2018-07-10,105.3028344,99.6085172659,101.38863368,98.2831710037,101.448252877,106.528239698,91.5244567197,100.936606312,107.515348381,104.434574825
2018-07-11,104.808388799,99.1069485749,101.257388604,97.9734918956,101.639574476,106.051300242,90.9060444067,99.958685293,107.768322589,105.358181069
2018-07-12,103.892755676,98.6694468151,100.878732056,98.2021906295,101.941952435,106.397092058,91.0521285966,99.6592360065,107.626348429,105.461726713
2018-07-13,104.083057568,98.3361837321,100.6396212,98.3676073793,102.3358538,105.68717508,91.5338935378,99.9542640254,106.236013708,104.06121197
2018-07-16,103.971430413,98.5964660628,100.810153625,98.4618489787,102.216146902,105.67797247,91.2638616726,100.667918046,106.076602694,103.469911648
2018-07-17,104.1969308,98.3497033845,100.610668579,98.2070200476,102.536150177,105.527593,91.0661411982,100.973889684,107.506769989,103.68230561
2018-07-18,104.209452592,98.3581190147,100.298198193,98.1443974221,102.406947889,105.113506026,90.8039511831,100.379649124,107.188193004,103.833938041
2018-07-19,104.532716691,98.4882476529,99.8433522835,98.2028693839,101.673305991,105.263748628,91.1529111867,100.185360167,107.044408957,103.83279445
2018-07-20,104.475666102,98.1854317584,100.127084055,98.2183741646,102.041833987,105.114102413,91.7063848849,100.114383645,107.391539437,103.627620446
2018-07-23,104.366689102,97.4222683005,100.100383778,97.9789566325,102.233779578,105.778125006,91.1540374509,100.074352603,106.78607348,103.485653933
2018-07-24,104.495223228,97.6593799112,99.852403127,97.7600626419,101.975612581,106.005877226,91.7895163594,99.5268561543,106.331554517,103.137452782
2018-07-25,104.430127319,97.7479352186,99.2288512378,97.7896735572,102.377842614,105.818852033,92.451932787,99.7511681989,105.728186473,103.070547996
2018-07-26,104.494732207,97.6354524296,99.0311958792,98.1831302741,102.172652973,106.490382642,92.1032274353,100.286003499,105.671544144,102.64796982
2018-07-27,104.558510153,96.9864074461,99.164735212,97.4485044686,102.398539265,106.825849817,92.3267990385,99.8603097328,104.859890386,102.436850189
2018-07-30,104.584317469,96.4882542552,99.1068800242,97.7124201626,102.261883279,107.095827458,92.3263834251,99.6877659297,103.621190879,102.410068992
2018-07-31,104.356560844,96.4504778437,99.2389669082,98.109155455,102.379117024,107.581496141,91.4160389446,100.539758641,103.048005281,102.753502761
2018-08-01,104.629580988,96.6886812697,99.7594933775,98.0184606878,101.950492156,108.977622384,91.0016394599,100.86692059,103.299303548,102.637113651
2018-08-02,104.779283323,96.753250166,99.8577797383,97.6108172553,102.544698285,109.08702104,91.3320142716,100.936761097,103.157136923,102.385750629
2018-08-03,104.380332026,96.6895578748,99.7391432968,97.9120973185,102.148550488,108.764048618,91.0061895373,101.462873751,102.902882109,102.673256534
2018-08-06,104.263914963,96.2392657475,99.249331094,97.3657874133,102.65038276,107.707653638,91.3436658127,100.83442885,103.476665762,103.307798002
2018-08-07,103.961320336,96.0058881591,99.4188013345,97.2343131257,102.170540984,108.141146767,90.6421873703,101.749446127,103.705206267,103.233621901
2018-08-08,104.417172899,96.1579672211,99.9860823219,96.8252800561,102.229166961,108.605943443,90.617075983,102.677630028,103.530324549,104.039145659
2018-08-09,104.888491934,96.1776027829,100.097934922,97.0644442625,102.011012492,108.025415595,91.1733428097,102.84659301,103.373685012,104.102950306
2018-08-10,104.404334497,96.2517809102,100.007149067,97.2026212743,102.347778984,108.503255571,91.2846175159,102.468620843,103.470696161,104.249023196
2018-08-13,104.54649568,96.8164530723,99.4873355547,97.2048234838,102.453041545,108.740221864,90.9444120263,103.149627132,103.279116341,103.698872579
2018-08-14,104.367282423,96.6790988997,99.3947076132,97.1558440979,102.271678662,108.822218961,90.5222487708,103.771807207,103.133881719,103.998208757
2018-08-15,104.433959941,96.7455722603,99.3261346691,97.1269903063,102.412259565,108.742601018,90.8167164789,103.3254831,103.609432565,103.724336364
2018-08-16,104.511348015,96.6476746248,99.6057124136,96.977252744,101.981798553,108.264770312,90.2269763639,102.112343033,104.0830253,103.846171344
2018-08-17,104.557494156,96.7334937823,99.516402991,97.4722272265,101.650119803,107.977536099,90.5383581479,102.259454065,104.998205851,103.448572571
2018-08-20,104.736960631,97.0076474649,99.3467229821,97.3982724474,101.795160049,108.150290832,89.896319306,101.4793247,103.720363892,103.718636013
2018-08-21,104.807510026,96.9562643181,99.0799856667,96.8564381522,101.794126144,107.897709129,90.1227881819,101.77531806,105.163399412,103.800602555
2018-08-22,104.696617843,96.4460501472,98.5055511979,96.6671465509,101.823347437,107.651362649,89.5912434892,100.851118336,105.730084873,103.803252478
2018-08-23,104.415975888,96.6848336736,98.4326352588,96.7448064182,101.537802612,107.346641618,90.0020531864,100.749058166,106.629574186,103.865085931
2018-08-24,104.00265349,96.5886497486,98.2060569233,96.7926514542,101.65362965,107.367637597,89.6386627092,100.976866745,106.561087579,103.438892993
2018-08-27,104.51085088,96.6358722655,98.3580956859,96.6214331575,101.295232257,107.43102933,89.7916479038,101.580671062,106.411719337,102.519076437
2018-08-28,103.809138224,96.9679155467,97.9377002159,96.9512888028,101.224659502,107.074679146,90.0168134852,100.93261425,107.162407095,102.730566116
2018-08-29,103.944342946,96.9638537663,98.0803314419,97.4145068642,101.139464494,107.86957285,89.6614094904,101.50525329,107.269701775,102.226068676
2018-08-30,104.13102368,97.0646173184,97.982215664,97.3773721112,101.284354944,108.058785637,89.5961144744,101.866409617,106.941723539,102.206551626
2018-08-31,104.252196951,97.8856820846,97.8399642001,97.0408169951,101.07678472,109.024493978,89.2174273194,101.991881606,107.468224809,102.333498479
2018-09-03,104.853662211,98.4616485027,97.9051097916,97.0198059169,100.625071947,109.518833946,88.7694187,102.593999374,106.321948563,102.273224276
2018-09-04,104.372809817,98.5549567847,97.5386588253,97.0828063341,100.808429722,109.802148505,89.1996530792,103.515520155,105.766318219,102.795309455
2018-09-05,104.086869491,98.8845677916,97.4152604647,97.1104625202,100.744240304,110.304938839,89.6086571346,103.593905602,105.827565909,102.8919458
2018-09-06,103.985255145,98.9056783745,97.3869877256,97.2729582684,100.488084164,110.116391872,88.9017666298,103.781378346,106.540873671,102.804589797
2018-09-07,103.732089382,98.9203290214,96.7185678526,97.3247284168,100.597157514,108.552453224,88.4216962235,104.01375852,107.069357831,103.109460516
2018-09-10,104.118406432,98.9371022996,97.0238562118,96.8592123267,100.766269406,108.245518771,89.2567242653,104.69770457,108.226271873,103.094189006
2018-09-11,103.533336583,99.0193738558,97.003461351,96.8876950561,100.858281522,108.098383834,88.6952589312,104.897643074,108.85863072,103.964333446
2018-09-12,103.6809891,98.6061441944,97.0424632123,97.3094298337,100.668190369,108.008712256,89.3719976711,105.169411284,110.201438131,103.730236405
2018-09-13,103.45608691,98.9386616075,96.8245584777,97.1275728369,100.818896559,108.532747031,89.6373999405,105.708084401,109.905042098,104.22662765
2018-09-14,104.647123775,99.2758478438,96.9220457407,96.8993714071,100.603103767,108.684341002,89.3447819949,106.024587167,110.69753412,104.592107885
2018-09-17,104.723913335,99.1311917987,97.222217456,97.1793441418,99.8787958143,109.170071176,89.7561810216,104.690975283,110.154598158,104.370350128
2018-09-18,104.830680995,98.854516085,97.0105697056,97.2306321899,99.7950966686,109.148539067,89.3870012652,103.472532996,110.865048072,104.652674204
2018-09-19,104.81200515,98.4919917554,96.7253723089,97.4429535035,99.5990923394,109.386265163,89.9980543584,103.740553273,110.538886602,104.535677617
2018-09-20,104.822284058,98.1639447179,96.5369695636,97.5705148294,99.6854130789,108.894873041,90.4236606545,103.773090298,111.540782322,104.794482366
2018-09-21,105.300955566,98.4563697261,96.8422789946,97.3787252421,99.488351769,109.084733941,90.3426576316,104.122668179,111.910932574,104.823251487
2018-09-24,105.15113917,98.2299885394,97.0232106367,97.5680173474,99.2273629258,108.946755182,89.4528621261,104.143286518,111.690353423,104.608991154
2018-09-25,105.291860187,97.7528753042,97.0479608782,98.0839099365,99.6652087329,108.695254282,88.8377535694,103.267726422,111.347545856,104.472829208
2018-09-26,104.919948211,97.494352121,96.9191633783,98.2433334913,99.2753418492,108.026125724,88.8887545092,102.513344016,112.619360732,104.762366968
2018-09-27,104.797616483,97.8525416229,97.1561011611,98.3491966777,98.6830946085,109.093044389,88.4339848843,103.019254682,112.770424443,104.797519618
2018-09-28,105.245258177,97.8367583876,97.1156855515,98.2080272845,98.690242846,108.910379269,88.1062493183,102.012305553,113.314184839,105.198199729
2018-10-01,104.730067546,97.903102269,96.9402783052,98.3461555178,98.8132897058,108.410490942,88.101780073,101.700085293,113.86750842,105.264335552
2018-10-02,105.048423835,98.2041434468,96.9411231197,97.8197297585,98.8444705441,108.127552307,87.8453928889,102.111920892,114.567009866,104.736866275
2018-10-03,104.966994004,98.0486317858,97.3221999114,98.2279049138,98.4284915465,108.351683983,87.3077714778,101.386494863,114.837518769,104.869624253
2018-10-04,105.02477697,98.1854202866,97.3131837827,98.4400183315,97.9858733828,108.090099586,87.5369611875,101.115418555,115.253981632,104.375349612
2018-10-05,104.501773272,98.0761289798,97.5257172196,98.4658270256,97.9955422427,107.837850097,87.0444527219,101.466730915,115.464074276,104.320791967
2018-10-08,104.608620659,97.9765601926,97.8848806404,98.4142015494,97.8083768107,108.000977103,86.9422285027,101.067494493,116.107198084,103.761617221
2018-10-09,104.785279467,98.0674545758,98.0013678559,98.3367994094,98.0157218386,108.853717414,86.3178719165,101.394412438,116.204704871,103.852506184
2018-10-10,104.781079569,98.6905107127,98.1040412543,98.5193958759,98.1120877621,108.340114073,86.122150672,101.879346493,116.302829479,104.08576788
2018-10-11,104.872595555,98.6420848063,98.1195374441,98.6946259251,98.0941632759,107.826004074,86.6766149695,101.048896148,117.005768425,104.041454076
2018-10-12,105.371975071,98.5568294734,98.2472763339,98.6578357998,97.9671945314,107.876970055,86.6071897687,100.906267704,116.831406311,104.491266612
2018-10-15,104.943642053,98.514394258,98.1631739616,98.4899927753,98.1109677493,106.885232343,86.9055803354,100.176817485,116.946915498,104.162166183
2018-10-16,104.754132389,98.653849108,97.8492973694,98.5314330162,98.2789119442,106.934882578,85.6857946627,101.195685536,117.046576764,104.490942788
2018-10-17,104.636854529,98.1769411745,97.9083153896,98.6543476694,98.2711673901,106.75403034,85.7562238219,100.586522906,117.477555832,104.018556503
2018-10-18,105.236035399,98.7452270094,98.2676382029,98.9602058628,98.1695367905,107.203231378,85.7787930512,99.5568975493,118.417562951,104.487002869
2018-10-19,105.309450298,98.4443975877,98.1998166627,98.4841046689,98.4287338167,106.498556093,86.0061366914,99.0240784036,117.850599543,104.615332873
2018-10-22,105.439424715,98.6501710295,98.0594516716,98.1001297256,97.5986682001,105.376857506,87.2049939661,99.4551666351,118.692525567,104.439889616
2018-10-23,105.748397941,99.2277772848,98.0530105121,98.4567652341,97.1248823632,105.558037455,86.9745136824,99.7587843327,118.17868882,104.301283219
2018-10-24,105.238036266,98.9859044728,98.1768964894,98.4619793614,97.5557192666,104.337519018,86.7250596435,99.4186816594,119.190016281,103.786189446
2018-10-25,105.162264935,99.2993497862,98.0246465187,98.2769570361,97.8548976239,104.404210505,87.421108314,99.8065525008,119.822371316,103.715501825
2018-10-26,105.049754791,99.2569105374,97.8711530414,98.1531836869,97.9560586732,104.232230354,87.6694772311,99.4806324409,120.199256821,103.55124587
2018-10-29,105.763758907,99.4198354721,98.2098173973,98.1344918654,97.9498780884,104.649326502,87.0356901097,100.17700299,120.346068704,103.677656871
2018-10-30,105.919194574,99.1639375184,97.9723026347,98.3557900098,97.6648781157,104.814495403,87.1243579104,100.128854777,120.977899762,103.894727703
2018-10-31,105.875596567,99.3204027445,98.2830513067,98.307795316,98.0082175604,105.133397131,87.0021784135,101.68898172,121.173743497,103.806120275
2018-11-01,105.935454415,99.1781828166,98.1882074585,98.6187127487,97.9661912271,105.377297368,86.5436080746,101.857010633,121.286467749,103.410951835
2018-11-02,106.408783408,99.6057568473,98.2938315316,98.7876069914,98.0261066323,106.006656355,86.9929248158,100.940836663,122.588988782,103.810240147
2018-11-05,106.345451283,99.4359308232,98.3981717524,98.9039678575,97.9314374786,106.412666068,86.7303054756,100.302996359,122.802378948,103.530410695
2018-11-06,106.044831092,98.8454059679,98.1781027094,99.1204038973,98.1776751841,105.583440805,86.2306617973,99.7892136579,123.260819114,103.923228018
2018-11-07,105.826127957,98.7945182086,98.4587224316,99.1558178216,97.6205478764,105.342196401,87.3465692659,98.5020029544,123.727765178,104.014066399
2018-11-08,105.547153836,98.6532945706,98.5392456665,99.3147608333,98.0180621432,104.924955283,87.1561949962,97.7967048058,122.785612875,104.284511547
2018-11-09,105.61382388,98.5185731139,98.4329357323,99.4621454473,98.0975121627,104.952647834,87.899677738,98.3455557458,122.9506302,104.470334668
2018-11-12,105.513323334,98.2111350401,98.0996813795,99.077106005,98.4192118946,104.730129314,87.1579526281,98.4870683504,122.639416114,104.135228398
2018-11-13,105.561232981,98.3504036286,97.9636712877,99.6196582869,97.5848381682,104.148791279,87.0248814576,98.7890410768,122.581979676,103.691471826
2018-11-14,105.411833611,98.4341175682,97.9270723864,99.9227995663,97.5584670535,104.326572936,88.0978518168,99.0141989851,122.702124668,103.858655052
2018-11-15,105.759542351,98.641391826,98.0032406815,100.105701826,97.1449930195,104.607343264,89.0772688438,99.5804751659,122.940798244,104.07687176
2018-11-16,105.45256694,98.5409987458,98.1880085257,100.385224774,97.0995775845,104.403423079,90.0168511246,99.8338321139,123.7090452,104.181399305
2018-11-19,105.801016597,98.6086800297,98.5418008233,100.54570807,96.7080860358,104.458347109,90.6008869234,99.8139717096,123.686273814,104.498200533
2018-11-20,106.165950206,98.5764222933,98.6395144237,100.255651052,96.5474607489,104.718390034,90.5362121455,99.6771708447,123.110132749,104.016879843
2018-11-21,105.818486031,97.7395185214,98.2296459519,99.8311061965,96.904713913,103.280567356,90.5838417216,99.9547255653,124.136481704,103.675903479
2018-11-22,105.412598286,97.1251112643,97.7793786304,99.7605749089,97.5073225332,102.884515267,90.294299558,99.6971248375,123.170570204,103.760769485
2018-11-23,105.192931112,97.1824524945,97.7004038792,99.9097020702,97.3166922017,102.898484612,90.5249511689,99.7026968086,123.000506197,103.874213635
2018-11-26,105.227194276,96.9804781364,97.6116753216,100.21114444,97.193841824,103.66191837,89.7222768914,99.7493537896,122.204395292,104.732120822
2018-11-27,104.898381352,96.7247871251,97.4765351592,100.151108667,97.3578259508,103.440016426,87.9928936881,99.8237731583,122.100862478,105.256010191
2018-11-28,105.218961814,96.699402219,97.6184428995,100.030050464,97.5215062136,103.188328202,87.4122795541,99.7211529587,122.763958057,105.306331193
2018-11-29,105.724905496,96.5510604533,97.928177115,99.7144160213,97.667998159,103.363552744,87.8049904406,99.9148695497,122.515368299,105.664772667
2018-11-30,106.091109949,96.2507481464,97.5470502062,99.6398498563,97.6203004685,102.942363408,88.296224772,99.1186649094,122.866614844,105.868430044
2018-12-03,106.595219331,96.2773319826,97.3615540408,99.30119087,97.5650619658,102.398571775,87.7440281086,99.1892586344,123.54373189,105.774915339
2018-12-04,106.661452833,96.2769852721,97.4370947087,99.584659098,96.4679107096,101.998994313,88.1969938481,98.2640503038,124.060747472,106.169598719
2018-12-05,106.391720214,96.4764927019,97.5709500019,99.5090972187,96.7965495374,100.603057635,87.8562404673,97.8633033916,123.805479885,106.339733996
2018-12-06,106.642639142,96.8350253115,97.5720046551,100.092424902,96.646490068,99.9652513735,87.7127244755,97.3756811103,124.360506456,105.983922141
2018-12-07,106.365687418,96.7029651687,97.3777782801,100.389921467,96.8862044437,100.301917712,87.4878626573,97.864692416,123.571598381,105.52686874
2018-12-10,106.163468091,96.7787943122,97.6854766256,100.219565856,96.7547042208,100.353955865,87.7603310634,97.7894310037,123.284541492,104.960408491
2018-12-11,106.08468191,97.1619037424,97.7184884119,100.187414786,97.0805028597,100.311209456,88.3009961797,98.7802498667,123.069592409,104.262072716
2018-12-12,106.327047617,96.9867162833,97.5688598868,100.143160598,97.8283548511,100.582199085,87.9132998537,99.0114957815,122.32476723,104.769950646
2018-12-13,106.510653871,97.0519698565,97.6566665459,99.8724585129,97.4403868208,100.821215335,88.9257832622,98.2683548131,123.203345667,105.048707206
2018-12-14,106.588258203,96.8544243271,97.4106739576,99.8676531693,96.8364608817,101.818357683,88.8557759736,98.8684062309,121.612217454,104.144389624
2018-12-17,106.675696285,97.3141415282,97.3234387177,99.9734595532,96.6253499048,101.790058122,89.5757222055,98.4750987972,121.555183511,104.735340188
2018-12-18,106.677247327,97.5115278219,97.1910759378,100.227643198,96.6628779226,101.816072688,89.7788179077,97.9075064432,121.834375644,104.674264258
2018-12-19,107.39704576,97.8653191198,97.0600931501,100.066541562,95.8337977924,102.820276219,89.1214821414,98.7106197016,121.602614088,104.24154895
2018-12-20,107.370268545,97.8822566035,96.4369137488,100.180468003,95.9922201654,103.549307646,89.7597948318,98.1646310507,121.179506886,103.631415975
2018-12-21,107.904416022,98.2771946617,96.534450701,100.401281017,96.26076778,104.396189654,90.1996683404,98.6775215074,120.797443617,103.744749533
2018-12-24,108.294483419,98.3792578504,96.5293475373,100.723496131,96.6449614094,104.310708403,90.0467224767,99.0689161953,120.948721396,103.413003877
2018-12-25,108.441781873,98.2574380762,96.4766587534,101.199209979,96.6169352236,103.81947408,89.4393374266,98.601732852,120.285018211,103.904805947
2018-12-26,108.37518248,98.2304692402,96.3358553084,101.707220053,96.325656858,104.053019159,89.4328792593,98.1770060564,120.027758235,103.144911955
2018-12-27,108.64569136,98.2037904847,96.7504394289,101.454468042,95.7998227551,104.646087748,89.1394931868,98.0530376981,120.012678819,102.159636766
2018-12-28,108.374389729,98.0424223057,96.901475311,101.766488964,96.0119958384,104.419865736,88.1315710695,97.9138611185,120.96324149,102.690512263
2018-12-31,108.567363854,97.7675935564,96.8274372427,102.179595452,95.4289747642,103.764655622,88.7395511914,97.3603381523,120.734944681,103.324352311
2019-01-01,108.708690282,97.7599305071,96.6261829928,102.652680436,95.6070473171,104.701408892,88.954327657,97.6669004193,120.078588874,103.751401335
2019-01-02,109.282173349,97.4552603038,96.821088876,102.598311344,95.2419147353,105.064419804,88.3452129444,97.6364124064,119.695281866,103.46721448
2019-01-03,109.261055867,97.1785496427,97.1318562152,102.670952619,95.7170747798,104.812661346,88.2350776932,98.1437596429,119.703851572,103.500904597
2019-01-04,109.393691596,96.7934813304,97.267145003,102.685551076,96.1127946217,104.949853505,89.0135518851,97.677696895,119.647672574,104.467993844
2019-01-07,109.087261314,96.4820959697,97.4045959677,103.076952444,95.9133639191,105.272361746,88.305473113,96.9718351707,119.197149095,104.830447081
2019-01-08,108.704868518,96.294907417,97.4925082175,103.499443324,95.8436074437,105.773573272,88.3868212102,97.2094388834,118.380175806,104.909201422
2019-01-09,109.065450517,96.5781252305,97.6416498961,103.192652742,95.885462372,105.863558361,88.3140919997,96.9435472061,118.311164154,105.220724579
2019-01-10,108.502621373,96.2822793036,97.4877367327,103.674301281,96.3050261284,104.938672653,88.8344186323,97.5754597043,117.623802893,104.310821224
2019-01-11,108.771197141,96.7327572381,97.8932972377,103.599392748,96.5702867313,104.218032827,88.6949184044,97.5241952828,118.169398419,104.616782652
2019-01-14,108.779835038,96.2978196714,97.968151023,103.731940715,96.2385838558,102.995034851,89.1140488514,97.3614653488,117.510172485,104.672110763
2019-01-15,108.832135609,96.2446793926,97.6708726105,104.09082341,96.6822179908,102.804203088,88.9721893482,97.5754735387,116.982753273,104.847780703
2019-01-16,108.382809555,96.1612881491,97.4243313602,103.768027314,97.3710090905,102.740793341,89.0450246933,96.6705108112,116.674299036,105.10511378
2019-01-17,108.37343443,95.681935747,97.4350422174,103.921060818,97.81431738,102.418968799,87.9513836659,96.2617506039,116.099005891,105.395176258
2019-01-18,107.462688038,95.5058635656,97.6411275489,103.922436807,98.4230763407,101.620699607,87.0308996002,97.2100119015,115.816152869,105.479366073
2019-01-21,106.882248128,95.216416684,97.3510549302,103.894880804,99.5463149875,101.160198074,87.0043139967,95.3153713602,115.581863792,106.506651127
2019-01-22,106.633122533,95.1444261432,97.4848927275,104.247208668,99.4703005275,100.969925956,87.056802084,95.0103738821,115.364155351,106.679580095
2019-01-23,106.857209597,95.6101235866,97.7359018336,104.037005859,99.4409901289,101.352499824,86.8678741044,95.3857972453,115.816261251,106.76685307
2019-01-24,107.742458975,96.0131402674,98.1214316368,103.962712989,100.00116021,100.878437124,87.6564112538,94.9883522613,115.80393109,106.960237801
2019-01-25,107.895197907,95.6314517337,97.9798994549,103.879582999,100.122544596,101.010148396,89.2685855214,94.9844560114,115.588776911,106.629714097
2019-01-28,108.137547569,95.6742717617,98.1616511878,104.220903316,99.5285696913,102.31233164,88.9553610189,95.0412701528,115.891550129,106.730111064
2019-01-29,108.863810167,96.0513370737,98.5507449789,104.011574758,99.818932453,103.44230085,89.5434672697,95.026423415,115.204167006,106.734277813
2019-01-30,108.178580522,96.1761393037,98.7548460706,103.915516537,99.7103296786,102.988647637,89.2561832449,94.9137344964,114.826674468,106.423472879
2019-01-31,108.740902119,96.4763184245,99.3740151812,103.814314668,99.3183801316,103.345558558,89.1801805742,94.3362999222,114.394034007,105.636812646
2019-02-01,108.967952083,96.7755718565,99.1235877683,103.584423875,98.7822376656,103.328019598,89.800720613,94.1072185522,114.552086098,106.18332341
2019-02-04,109.274083722,96.7317297648,99.2426491076,103.365623672,98.8619287346,103.826673843,89.182341678,94.3692480395,114.488276286,106.291784356
2019-02-05,109.513805041,96.8779820638,99.1910926959,103.650582578,98.5710899417,103.29898581,87.6554747779,94.4753265326,114.035872537,106.395095847
2019-02-06,108.644008625,96.5371217086,99.0997856422,103.606145878,98.7100052395,102.506623449,87.6408954996,94.267927494,114.532062285,106.654913063
2019-02-07,108.16781345,96.296942222,99.1072605023,103.433988842,98.8196087295,102.032464283,87.5292313411,93.7045975019,113.679543356,107.008790398
2019-02-08,108.293270895,95.843688232,99.0972815702,103.849288472,98.8365746631,101.531801539,87.1935957424,93.3155209759,113.993432039,107.164329565
2019-02-11,108.16312058,95.5513695246,99.1615903915,103.890658641,99.0357679704,101.456724973,87.9667462305,92.9876768958,114.571477183,106.972012386
2019-02-12,108.489347457,95.8208245071,99.1636311235,104.120046848,99.3984209791,101.158220526,87.7809125797,93.6835750032,114.893035204,106.555751198
2019-02-13,108.401724207,95.6980991024,99.0975797674,104.34725885,99.5680274113,100.693879389,88.6333837895,92.9587088938,115.86441367,106.203011244
2019-02-14,108.286177883,95.9050942848,99.4062126737,104.133868191,99.2984895386,100.93305213,88.3783777969,92.8183461842,116.282009262,106.023568712
2019-02-15,107.810533332,95.6923007496,99.4183300637,103.74861484,99.2704296555,100.451720451,89.0094498045,93.9972510201,115.622772423,106.04346329
2019-02-18,107.325294949,95.4174490878,99.6862252253,103.490761729,99.3621406103,99.521083383,89.6663203815,92.1729788228,115.703235076,106.322332073
2019-02-19,107.248534712,95.6766682998,99.9202276235,103.3517251,99.819098172,98.9440770325,90.2702216304,92.1819295749,115.524052557,106.07539986
2019-02-20,106.728244392,95.350468574,99.5622232741,103.129869832,99.9975386953,97.6152213171,89.9595431247,91.1927627427,115.533975791,106.703498171
2019-02-21,106.653377548,95.6829873173,99.1106235929,103.208604793,100.132694805,97.859225482,90.2845449201,91.0772633392,115.609909875,106.500385001
2019-02-22,106.773302293,95.3030237582,99.2125344072,103.393057549,99.7709894944,97.6597098377,90.2335313198,91.4241008433,117.039358226,106.996170268
2019-02-25,106.475181325,95.3128510039,99.2507515211,103.283083575,99.1991032712,97.2474777118,90.7270784549,90.2866777193,117.001493204,107.405271924
2019-02-26,106.566509331,95.6440944816,99.0219457969,103.8509347,98.6061258964,96.3924844029,90.7373567687,89.8398628108,117.03556952,107.348470832
2019-02-27,106.829745905,95.693662866,99.2768066682,103.62591649,99.1370965377,96.9263545121,90.1635474184,89.8539632355,116.643172039,106.56934199
2019-02-28,106.433793468,95.7232828633,98.955243539,103.770776977,99.4293937926,96.7917080387,89.7367200937,90.1360804462,116.707594372,106.422195095
2019-03-01,106.279987114,95.2632120761,98.5830994026,103.437684118,99.829784627,96.5892814798,90.1617505252,89.7567097047,116.877059493,106.521251467
2019-03-04,106.156788585,95.4112922537,98.6461425474,103.173811134,99.9955527044,96.7664720688,90.0396013483,89.8974410748,116.193330103,106.4746146
2019-03-05,106.222556413,95.4235207889,98.6844176667,103.55243574,99.7756722801,96.9521991358,89.7130047839,90.4358475016,115.05140391,106.529229929
2019-03-06,105.974248515,95.1792941282,98.7429244589,103.697828867,100.492294849,97.3835433398,90.0654127774,89.7186131556,115.363113762,106.356315178
2019-03-07,105.623163246,95.115058725,98.582469644,103.973461434,99.8268543379,97.1627523785,89.6923995407,89.3354507409,115.572687165,106.038561181
2019-03-08,105.68443957,95.1504273108,98.4167718578,104.195081841,99.4811760172,96.8861295361,89.6291653589,89.2112369308,115.241259919,106.565144114
2019-03-11,105.862942748,95.1149664269,98.4912670196,103.891583113,99.3363160668,96.8287072727,89.0931683465,89.4240774426,115.058446166,106.400589576
2019-03-12,105.76024607,95.771001327,98.3790294305,103.482867122,98.831715081,97.4028565575,89.5496114541,89.4699483152,115.325440845,106.577888798
2019-03-13,106.034559301,95.9280002003,98.5574970683,103.68576252,98.8186857878,97.5568364517,89.4720574493,90.562135202,115.365224477,106.699031109
2019-03-14,105.974405117,95.9088533373,98.4997449577,103.967948675,99.3144896891,97.5931846039,89.0134882869,90.8458734855,115.112773041,106.629765881
2019-03-15,106.797456785,95.7445597659,98.7617033079,103.767607239,99.3373048659,99.1270058552,88.5205178432,90.8842512768,114.95637989,106.115545767
2019-03-18,107.140827021,95.7656058087,98.9123905635,103.6341868,98.4892122879,99.2632610686,87.7674101343,91.6319407149,114.231240018,105.531954657
2019-03-19,107.15753078,95.5262489078,98.5748219573,104.186989123,97.8168778098,98.6440547367,87.9741596965,91.1398052745,114.98349529,105.451805372
2019-03-20,107.047758313,95.2830669917,98.8047556442,103.226244031,98.8893468892,97.8383686151,88.344475283,90.221106118,115.053105794,105.502354153
2019-03-21,106.901583703,95.2324200415,98.6491371869,103.452710445,98.3692111117,97.3694781233,88.3051467161,90.3727792879,115.374147921,105.480047377
2019-03-22,106.464734627,94.9987817997,98.3312971799,104.054028603,98.3707118737,96.8469658066,88.0248760165,89.8976416258,115.009683037,105.675648646
2019-03-25,106.811032258,95.6353722046,98.7594264193,104.282917983,98.4218477164,97.1904403797,88.348004756,90.0875112851,115.685727823,105.587173765
2019-03-26,107.163418658,95.7906694043,99.2122153523,103.859171713,98.7841600561,97.2953809088,87.9119562483,89.7144048093,115.286016737,105.768372405
2019-03-27,106.88629982,95.7659697778,99.4096313106,103.68059514,98.5664256889,96.452921214,87.8950657411,90.352190817,115.882654527,105.794271857
2019-03-28,106.696445054,95.740745748,99.4427092391,103.477272619,99.0113239071,96.0671997142,87.4039139285,90.6918720826,115.2654523,106.112899398
2019-03-29,106.699705396,95.384604649,99.4781466459,103.008722831,99.3003208776,95.9316785465,88.2388232904,91.0805652056,114.887282899,105.317247875
2019-04-01,106.571488464,95.1726271824,99.8236228456,103.098924587,99.4131055464,95.7371574644,88.2593324618,90.8593441873,115.51225747,105.461777069
2019-04-02,106.166252371,95.4251849084,99.6649630165,103.234353704,98.2783684776,95.8301716308,88.2617383403,90.7241364772,115.333617107,105.283884767
2019-04-03,105.853624,95.424882464,99.6692084789,103.340111379,98.7599029407,95.6147289378,87.9171243361,90.7950295751,114.620418067,105.458876577
2019-04-04,105.246080601,95.132662461,99.1755413157,103.431564413,99.5618553945,95.3877053477,88.0471854826,91.7353392226,114.569251242,105.229909696
2019-04-05,105.172212472,95.1524108089,99.0726783199,103.37346128,99.6311304836,95.7587610881,87.4806654778,91.1285490811,114.650262346,105.510303447
2019-04-08,105.490491263,95.6647085986,99.0230890282,103.198807872,99.8158586649,95.4243309837,87.5061669746,90.885203864,113.744046688,105.600478781
2019-04-09,105.663238731,96.129695885,99.0936153917,103.129610898,99.5849556497,95.0445083642,86.7731548011,91.6816966424,113.248922887,105.629677384
2019-04-10,105.445568371,96.2235703559,99.1282507998,103.29956391,99.7529223676,95.6614044122,87.4596736287,91.7589321121,113.770005268,105.046611314
2019-04-11,105.341337444,96.4554394798,98.9205941753,103.438661336,99.7074633239,96.3465678055,87.4547956929,91.8945505494,113.97661518,104.67988569
2019-04-12,105.319550945,96.5995283957,98.9858119675,103.27967174,99.5216341874,97.1384064819,87.3879418007,91.6206516576,113.493089874,104.650705055
2019-04-15,105.422125496,96.7552306865,98.9675354905,103.669520941,99.7415530892,97.6215454873,87.7701992242,92.1924624661,113.381625441,104.099017544
2019-04-16,105.65277364,96.9587292043,99.2776063918,104.108595795,100.28225003,97.9762273364,87.9011951481,91.629306556,113.558248068,103.819467616
2019-04-17,105.834701038,97.0190406338,99.4173819437,104.105092945,100.352996767,96.6897404689,88.1379792536,91.8642535309,114.547017607,104.122522625
2019-04-18,106.448527279,97.1080195936,99.5400671258,104.063102577,100.094769771,96.3325315257,88.1847949211,91.1776522578,115.176674648,104.164798512
2019-04-19,106.170002635,96.8661846142,99.5738593641,104.14396835,99.9740921642,95.4663724291,88.5942014009,90.5716391277,115.411403285,105.034683643
2019-04-22,106.502605834,96.9931369842,99.7024916818,104.704235274,99.2611483121,95.2812071192,88.9020824631,90.571556356,115.798138883,105.03148004
2019-04-23,106.611972468,97.0112933374,99.6396322921,104.613732165,99.3251770835,95.0919779318,89.2765953581,90.9528153039,116.157239917,104.467677394
2019-04-24,106.283457393,96.9640682938,100.273432365,104.529051403,99.3705916457,95.2171932141,89.7549044217,90.3883815276,116.934494984,104.548560926
2019-04-25,105.898052525,96.7759534449,100.311236312,104.459264934,98.9755953806,94.9258855465,88.7804612461,90.0870644326,117.330406752,105.027180432
2019-04-26,106.351073771,97.0564261575,100.837825415,104.479292324,98.8373135761,95.0616165007,89.1693862603,90.235735718,117.95936474,104.582229844
2019-04-29,106.599720953,97.1302497618,100.783283084,104.742389947,98.858185867,95.0777348718,89.1019907683,89.8285918561,117.890539663,103.935724055
2019-04-30,106.816023587,96.9353243994,100.726459834,105.101871091,98.9521441727,94.2535865038,89.0871471882,89.888210588,117.973514898,104.473711499
2019-05-01,106.779459785,96.6373535953,100.933179981,105.036972751,97.9815857574,94.2481613823,89.7280099809,89.3043317311,119.107119358,104.064958982
2019-05-02,106.990927427,96.5471047182,101.01937969,105.090005445,97.2158042706,95.7961550253,89.523003632,89.2581929715,119.486477061,104.670113214
2019-05-03,107.099935304,96.2086823495,101.014178913,104.460131381,97.7282264166,94.7479626474,89.2477762158,89.0576130558,119.808067572,104.767563151
2019-05-06,107.529371553,96.3686324609,101.211991943,103.932927789,98.5224963773,94.5056343532,90.0129183715,89.9089079145,120.018114773,105.20365162
2019-05-07,106.62047511,96.22372831,101.327629356,104.219786124,98.2567628994,94.1297151779,88.8748409616,89.9741414411,119.197768757,105.840405804
2019-05-08,107.294171612,96.3569584608,101.682637902,103.796237988,98.4800956304,94.2554869709,89.1513576969,89.9309631804,118.349855445,105.52236935
2019-05-09,107.290959636,96.4497300504,101.573410511,104.384846829,98.4750468197,94.4456155585,89.2184088652,90.3402465267,118.548382705,105.660249195
2019-05-10,107.553933522,96.2151174981,101.296897363,104.338724135,98.5491704699,95.0274096518,89.1053817435,90.9248800888,117.790561236,105.502413727
2019-05-13,107.200484664,96.2786332195,100.882642036,104.674277801,97.7808545937,94.7406637824,89.491219424,90.843568092,117.184434088,105.225211315
2019-05-14,106.842512385,95.9470584547,100.932266484,104.639996499,98.1971237869,95.0094327423,89.4879527723,90.8343741642,116.738088205,105.10228379
2019-05-15,106.793985478,95.9225162061,101.07953517,104.5188903,99.1991283544,94.6627618144,89.527327208,90.4193998493,116.694601999,104.82589835
2019-05-16,106.781584769,95.6854810398,100.945668742,104.404017364,98.6507613811,93.8764105099,89.5039316494,89.9872257028,117.209567392,105.012104679
2019-05-17,106.601397813,95.3661185153,100.986249872,104.332764817,99.163993203,94.5158689458,89.2449884509,89.8609500241,116.900524548,105.137512327
2019-05-20,107.009704774,95.5454761867,101.364930627,104.229760452,98.9804448232,94.5344704171,89.4353433715,90.1592123958,116.856584379,104.829584184
2019-05-21,106.640941276,95.5971175595,101.498634328,104.377416899,99.0819918504,93.7523224095,89.9492857757,90.4254388014,116.322792564,104.441148242
2019-05-22,106.708623659,95.7194806615,101.41306313,104.627160767,98.3201120796,93.2459235607,89.1280768799,90.0356547203,117.002066541,105.369599559
2019-05-23,106.510863703,95.4489353241,101.294716617,104.553217282,98.2303494726,92.7138079039,89.6708447197,89.6809713757,116.621849379,105.617352237
2019-05-24,106.522924529,95.2982671458,101.305131704,104.630364549,99.1318396503,92.5710119061,89.6731572449,90.1801358365,116.437159263,105.119809334
2019-05-27,106.713583452,95.546040493,101.440384513,104.593111294,98.3730608608,92.6213871218,90.2893567045,89.6872288873,116.499835536,104.91030087
2019-05-28,106.810673748,95.7882772193,101.612929734,104.971502115,97.6413099464,92.3244389884,90.339943384,89.7630144873,117.090680309,105.434783388
2019-05-29,107.453815846,95.8103015648,101.800781119,105.432528521,97.7440606329,92.6268061875,90.7536225104,90.1249355492,116.891869897,104.434910707
2019-05-30,107.723882446,95.8698194926,101.944507781,105.59939886,97.7067238442,92.8575001267,91.0375032855,90.2421713527,116.212559336,104.528325501
2019-05-31,107.374478811,95.5373893296,101.634712226,105.872158455,97.5250675452,91.5295643165,90.9502415977,90.2659317134,116.226403177,104.643409873
2019-06-03,107.51831033,95.698193748,101.753204516,105.40422749,98.1663419632,91.8743747769,91.8142885065,90.1472557668,115.270419198,104.552149766
2019-06-04,107.691718601,95.8944704581,102.09057667,105.231343341,97.8190300096,92.2114144295,91.9093838841,89.9065872419,115.981398495,105.085060666
2019-06-05,107.900467159,95.859649934,101.663751325,105.232598273,97.5511477538,92.1324850275,91.6103035067,89.9054870081,115.552668586,104.52698386
2019-06-06,108.35704908,95.7948542206,101.78031493,105.382531102,97.8864266212,92.7469635232,91.7707381952,90.3227306148,116.094307933,104.599736098
2019-06-07,107.812050836,95.6470740589,101.828202857,105.357996589,98.5643273113,92.5588965243,91.7530452526,90.6342926991,115.966002017,104.758006811
2019-06-10,107.88654798,95.3239468939,101.718908959,105.599148414,98.7066843079,93.0233146498,91.097078417,89.96288981,116.297132106,105.280864571
2019-06-11,107.846667756,95.4480699024,101.812168878,105.745626951,98.1405016008,93.1641812538,91.4054653869,89.5656535136,116.133018247,105.056195091
2019-06-12,107.851032024,95.3145677466,101.725429298,105.691125982,98.2307345972,92.7120446018,90.9204609656,89.0874616086,116.633738624,105.5112465
2019-06-13,107.946398209,95.4105444128,102.140774539,105.376147392,97.9161130944,92.3693596335,90.5116178408,89.0364148997,116.437950214,106.060817976
2019-06-14,108.288162555,95.5455241109,102.526027061,105.554430584,97.0795057023,92.904741158,89.6978771376,88.8160939091,116.557095246,105.916092961
2019-06-17,108.259758872,95.3538133814,102.53709597,105.836887758,97.1067187139,92.5449946575,89.2030905177,88.5606768046,116.726754277,106.087109436
2019-06-18,108.301994986,94.9703335737,102.804248122,104.970893862,97.3559842352,92.0956756661,89.1764430682,88.2962327179,118.265182337,106.645580664
2019-06-19,108.260139031,95.0160379706,102.427469763,104.695119529,96.519312669,92.8648072069,89.7059710518,88.5319054263,118.168115293,105.925020422
2019-06-20,108.300402152,95.3793245096,102.520444745,104.446267265,95.9721085883,93.7125002077,89.6165482404,88.2165962463,117.646892448,105.223423887
2019-06-21,108.460051323,95.547205095,102.52664014,104.673831356,95.9702858088,94.5668150004,89.4170537518,89.4914367229,117.270376403,104.586319094
2019-06-24,108.288793198,95.5422068773,102.239234048,104.647352528,95.3842967579,94.7751277434,88.8460040848,89.5351590984,117.42522531,105.616283892
2019-06-25,108.101602924,95.5830735663,102.129689481,104.414388875,95.2729900629,95.4117121717,88.5170282159,90.5944019518,117.311596315,105.000692495
2019-06-26,107.600928366,95.1552049782,102.094602503,103.773072811,95.1550740803,94.3612363564,88.8704242068,90.5286434955,118.091360339,105.785302175
2019-06-27,107.513585607,95.2037110306,101.836381244,103.185511288,95.243220924,93.5874274791,88.9965372385,90.2203058937,118.501760625,106.444540668
2019-06-28,107.549356806,95.2077514506,101.711976456,103.142415495,95.5707699703,93.6355811214,89.7916913365,90.7126185109,118.211201639,106.082907231
2019-07-01,108.041379379,95.460004256,102.033679704,103.017854245,95.8007289051,94.4883889673,90.0360436763,90.7455895222,118.74825113,105.521676527
2019-07-02,107.677621861,95.2815526338,101.633812073,102.942465117,95.8887954979,93.9033667636,90.0000597948,90.6160695942,118.711854482,105.825984707
2019-07-03,107.499342516,95.0776512478,101.388003818,103.287010497,95.0144304387,93.3617136366,89.9435038086,90.3390351663,118.423079025,105.875653364
2019-07-04,107.374898181,95.2160316445,101.394628259,103.025902417,94.9378894602,93.6774524086,89.401886998,90.3385569679,118.315756806,105.741652771
2019-07-05,107.987272559,95.1641686885,101.562141331,102.521030605,95.4336675381,94.2018743172,89.1619497188,90.5195563526,117.89059546,105.19764832
2019-07-08,108.099477067,95.0414472372,101.011555756,103.229070911,95.1079173438,93.9784897641,89.7565088698,90.4245398201,117.766738176,104.6565517
2019-07-09,107.552537074,94.9089204986,100.979047375,103.349959437,95.1872873961,93.7542392641,88.9632932483,90.5402315774,117.731504966,105.762101941
2019-07-10,107.670036442,94.8572105024,101.04905005,103.216686639,95.4982404348,94.1259021676,88.3604868901,90.3888740775,117.572644866,106.228864385
2019-07-11,107.852558538,95.0919024421,101.357903523,103.201838345,95.2001102226,94.523423493,88.8093989314,90.7978544235,117.786778848,105.842985644
2019-07-12,108.144982973,95.276535103,101.476879319,103.838591126,93.5653779674,94.8740771929,88.9034018987,90.295974569,118.270912645,105.195346877
2019-07-15,107.957156469,95.5345898153,101.562519005,104.376008194,93.4463376004,94.5534699133,89.6919295105,90.2894306618,118.064618449,104.598640544
2019-07-16,107.873139867,95.419687598,101.182479924,104.49841324,93.6365293515,94.5653084915,89.7974640244,90.0775789522,118.220115008,104.532828174
2019-07-17,107.757651228,95.2846670629,101.411666786,104.277139012,94.2234778504,95.2016271638,89.6043569447,89.0049233199,118.821351562,104.516346338
2019-07-18,107.486979507,95.1778960294,101.313647814,104.572940897,94.7992260281,95.9435939824,89.58846116,89.3085202069,118.234879883,104.74647228
2019-07-19,107.719478885,95.3897827997,101.273773963,104.800607912,94.7866800578,95.8203852372,89.1819811793,89.0019354286,118.204006784,105.001442153
2019-07-22,107.913090515,95.0497716347,101.13393743,104.514034113,94.9424135049,95.0819875472,89.2986851315,88.010666308,118.979564897,105.281950384
2019-07-23,107.521463595,94.7606229605,101.256631981,103.869723347,94.835977965,94.8977981349,89.5668006767,87.6417859094,119.66431988,105.839887137
2019-07-24,107.306211926,94.8568950988,101.362522912,104.571030644,94.2759015097,95.330997979,89.3443448486,87.3394568449,119.483296313,106.279943558
2019-07-25,107.632292799,94.9679596763,101.654360721,104.644203909,93.9254134735,95.4322199981,89.466872495,87.5791876137,118.797562125,106.430495483
2019-07-26,107.427386938,95.2016723271,101.295257147,104.77814558,93.7576086753,94.9687156604,89.1646302199,88.2054593491,118.648354973,106.031111497
2019-07-29,107.002373547,94.9288270406,101.13785001,104.755656898,93.7129297229,93.9699398497,89.0402207046,88.6019222702,119.145360468,105.05472881
2019-07-30,106.736779946,94.6746335378,101.136131515,104.150455735,94.5034783349,93.6294737917,89.1342406595,88.8010349132,119.436830824,105.557756548
2019-07-31,106.608816377,94.4598655407,101.014605983,104.896459617,94.5989144877,93.6743915826,88.8386331983,88.9405709138,119.035148591,104.820218078
2019-08-01,106.528791642,94.819793202,101.401898622,104.896491247,94.3075815052,93.0979035789,88.7965687166,89.130383112,119.207356528,105.159351342
2019-08-02,106.741456867,95.0567879994,101.373491282,105.243582586,93.5837056228,93.541965365,89.0491794975,89.0977214813,119.733459027,104.162320941
2019-08-05,106.788425014,95.1669339388,101.263871886,104.913629784,93.4624559099,94.5822324825,89.0947218594,89.7450299487,119.754203426,103.645365502
2019-08-06,106.807261632,95.2218029199,101.510281667,104.755075637,92.6741275646,93.5336982662,89.1666420714,88.6758442692,120.907094481,104.159967872
2019-08-07,106.646010596,95.009135588,101.753721582,104.087897624,92.6912946615,93.2175777467,89.177840241,89.0235760945,121.303249935,104.769241787
2019-08-08,106.862671483,95.2752931964,101.78355716,103.250849963,92.4342939384,93.1649691192,89.0076312729,88.9024750531,121.169922085,104.948268814
2019-08-09,107.093471391,94.9527169617,101.481487978,102.928915768,93.0257223766,93.0179017869,88.670801789,89.2132445436,121.427335467,105.023887849
2019-08-12,106.967259377,95.0529326712,101.397646471,103.239471552,92.4722952879,93.4597535103,88.7488302186,89.4617885574,121.989245532,105.142108949
2019-08-13,107.215404716,95.4589730069,101.716321459,104.008138255,92.5111303247,94.4803642121,88.7752059252,89.9493610532,121.60008011,104.823859316
2019-08-14,107.178376092,95.5592303639,101.696966888,103.902671935,92.4948398893,93.6649379962,89.3836580992,89.6666815577,122.037196813,105.133336931
2019-08-15,107.022889846,95.5060477316,101.357365355,104.065236071,93.3054168318,93.6750160638,89.5538101753,90.2547848555,121.400969717,105.29814154
2019-08-16,107.321582606,95.6658162697,101.410979688,104.985870045,92.7396590359,94.4992827962,89.1285538154,91.676845537,119.807248283,104.727766224
2019-08-19,107.166097128,95.4970256611,101.254415621,105.427706177,92.8233311687,94.2703228524,89.6007525221,91.7511345908,120.357134861,104.617797578
2019-08-20,107.285173881,95.6468727596,101.162367974,104.677247501,92.6792626015,94.775489089,89.4419883409,92.0868378188,120.14657669,104.469075216
2019-08-21,107.680805512,95.8385918495,101.060729748,104.716744526,93.2490791179,95.0701109213,88.7293921931,92.7013524114,119.251233065,104.73094049
2019-08-22,106.863765584,95.6254520702,100.295646546,104.101114855,95.3798214049,93.720677562,88.5088526812,92.4987197356,118.689818662,105.750330592
2019-08-23,106.628956928,95.556465716,100.380963801,104.108360357,94.5125483852,93.795991591,89.0253135032,91.6226776417,118.735703147,105.490840294
2019-08-26,106.832344588,95.8312855416,100.475476716,105.042512065,93.5785089769,94.7514476833,88.5090790661,92.1068047188,117.447989775,104.56461689
2019-08-27,107.056907884,95.6908577656,100.697702263,104.0227589,93.3876531359,94.5616859893,89.2660443087,91.5987078922,117.987000092,105.260682057
2019-08-28,106.300788941,95.3553671477,100.30672461,104.010424239,93.8899870709,94.530787587,89.1065064317,91.5784057299,117.4310333,105.92851562
2019-08-29,105.921063141,94.8722823644,100.315060796,104.302519089,94.53928586,93.0134794419,88.9026016402,90.7048196342,117.936431904,105.87840657
2019-08-30,105.687783149,94.7789274454,100.195390818,104.179145137,93.908649869,92.0657332566,89.1827758685,89.8000850616,119.049584772,107.210940652
2019-09-02,105.698586224,94.9714245902,100.213509948,104.437765057,93.7373816832,92.7649374198,89.7285509271,89.9514630344,119.080753825,106.786094991
2019-09-03,104.62449262,94.7653854404,99.718294954,104.512383583,95.3862459678,91.4629293661,89.0451604032,90.5021010639,118.553507835,107.154397546
2019-09-04,103.745247971,94.3623825312,99.3405429939,104.217804477,96.6279502476,90.3000764254,89.0384192016,89.1917521327,119.340532333,108.596430083
2019-09-05,103.710151816,94.4398520583,100.202249996,103.786264907,96.4948837076,90.2539179519,89.7105966151,89.7225696315,119.927344968,108.565042209
2019-09-06,104.177013113,94.5526966743,100.272220363,104.731677759,96.1184914663,90.8079963763,89.4351300794,89.813702181,119.112763625,106.741301166
2019-09-09,104.410224721,94.5210281539,100.398903149,104.24508772,97.523786192,91.3674066723,90.0394793444,90.4790260804,118.939772287,106.838127175
2019-09-10,103.941627394,94.4990071341,99.7573910779,103.880911909,97.9745364446,90.6482068215,89.8744974406,90.8797357603,119.435211341,106.838556243
2019-09-11,103.437189826,94.1323419115,99.6016877441,104.186190837,97.7590552529,90.3980213541,89.7106774383,91.3346214873,118.784222851,106.824598063
2019-09-12,103.81780689,94.0487364211,99.8920931095,103.149984104,98.5979703255,89.6700280318,89.7239037914,90.9256961109,118.842885962,107.834191088
2019-09-13,103.839628137,94.0611763958,100.437652371,102.044958579,99.3046520439,89.6046269931,90.181092884,90.7620007732,120.467767389,107.979732666
2019-09-16,103.950874352,94.1096257793,100.838613541,102.450411858,98.8397463708,89.2574752596,89.9171380808,91.2537853663,120.298260496,107.658108008
2019-09-17,104.435816276,94.6648661818,101.30636155,102.645186549,98.3840171908,90.4861049177,90.0659096588,91.579613422,120.267383352,107.269935889
2019-09-18,105.411048541,95.1193139903,101.673520335,101.849633688,97.3221071025,91.3870739317,90.4079829652,91.349629234,120.452788813,105.54713067
2019-09-19,104.995821605,95.1801052204,102.243779773,102.594655198,96.476583659,91.5234578253,90.0006206803,90.8307417078,120.170460791,105.326410479
2019-09-20,104.767946217,95.2692439794,102.071784266,103.836045697,95.9251780119,91.0742578796,89.2206082862,90.4426053355,119.879544008,104.830351951
2019-09-23,104.268385234,95.2134891307,101.601868417,104.987797892,95.4899226715,91.154615543,89.4998232768,90.0378768481,119.773946273,105.164950997
2019-09-24,104.221127435,95.1943826492,101.207164466,105.471867998,94.7888794586,90.8721190121,90.007324949,89.6835386397,120.444367325,105.773613513
2019-09-25,104.532099804,95.6837278159,101.203326021,106.514571591,94.4381018965,91.2240146682,89.3449047093,90.1407694948,119.899883672,104.438434438
2019-09-26,104.492866572,95.7783327665,100.788423151,106.650988901,93.6061135342,90.7173634413,90.0706237726,89.8077608478,120.181132726,105.192928684
2019-09-27,104.133181508,95.7841699978,100.795786018,107.18459559,93.5748171216,90.7025570609,89.5936735125,89.8403588831,120.275485628,105.162753173
2019-09-30,103.579086552,95.4656803794,100.256930281,107.745899634,93.0873649551,89.9063216657,89.3544122311,89.2271766377,120.244773233,105.709272417
2019-10-01,103.580541887,95.5091836162,100.902125777,107.888100616,93.3681308308,89.9554046286,88.8649827035,90.1007485124,119.638645155,105.6873028
2019-10-02,104.288002598,95.7039117329,101.252676538,108.353897501,92.0261308988,90.5427737586,88.8859824017,90.0998924328,120.098477027,105.185963306
2019-10-03,104.3280489,95.634548907,101.288432904,107.517281253,91.1464789085,90.2309208701,89.4869812616,89.7145486363,120.591675258,104.979670156
2019-10-04,104.31334966,95.9356207176,101.10450754,107.493585558,90.717536845,89.8510489932,89.4662501275,90.0141226291,120.845107688,105.349887719
2019-10-07,104.820181675,96.0862324185,101.115069462,107.226022706,91.219473079,90.4658803997,89.412687177,90.3330094571,120.26804579,104.987600085
2019-10-08,105.083917395,95.9312626052,101.788178583,106.192207745,91.502647805,90.7725568009,88.8104776139,90.5055661311,120.138111245,105.106217311
2019-10-09,104.756577866,95.7357761553,102.036580009,104.616732698,92.1179627732,90.3042398179,89.4439057642,90.5946299926,119.818069097,105.307096239
2019-10-10,105.345827015,95.995527769,102.176774153,103.769157089,92.2193084877,90.5488654512,88.9871690569,90.7069890545,120.561015937,104.901979391
2019-10-11,105.081748875,95.9130089827,102.552917826,103.617857068,93.5550968886,90.3196074406,88.6212928918,91.1580022071,119.509146654,104.879296313
2019-10-14,105.07208915,95.6175107836,102.369738741,104.131411558,92.6905123722,90.0390590249,88.9180583035,90.2757217033,119.415491461,105.190907063
2019-10-15,105.681931032,96.2468289591,102.890602449,104.566007195,91.4348897178,90.7483705938,89.45323399,90.2648782521,120.037147409,104.934272797
2019-10-16,105.867685966,96.2617883339,102.902901186,104.395621089,92.4004695484,91.2962114864,89.2527180668,90.8100790729,119.804344448,105.04686501
2019-10-17,105.893882046,96.0422086575,102.497889313,104.354360793,91.7442524768,90.8665804473,89.1717093239,90.7002441073,120.942842063,104.225977626
2019-10-18,106.157699269,95.9915358719,102.426090335,104.338195507,92.0944924673,90.8313194718,89.0205533333,90.1863136013,120.697814662,104.655535527
2019-10-21,106.317067021,96.3253891978,102.856162033,104.033306803,92.7060910737,91.268220203,88.9992722533,90.5312541225,120.550119329,102.844808912
2019-10-22,106.230916818,96.1327623973,102.992909251,105.816122284,91.870098513,90.8272874756,88.7675524691,89.716653753,121.847090683,102.432545114
2019-10-23,106.225647399,96.5723574215,103.547617199,106.946180937,91.2017988252,91.725111499,88.9358911806,89.0299601015,122.218790009,102.276954497
2019-10-24,106.884331264,97.0829649601,103.818133687,106.828097591,91.2219237875,93.7933181458,88.8571209529,89.8771951375,121.358184636,101.483372365
2019-10-25,107.187323979,96.8228230368,103.947976853,106.899171468,91.4610128982,94.3898445434,89.5787905187,89.7313686697,121.818576421,101.633208311
2019-10-28,107.252710277,97.071838051,104.138147954,107.718081722,90.5163891702,94.6110214785,89.3328454103,89.6768977558,121.708313892,101.36966432
2019-10-29,107.221427687,96.9226470521,103.777278524,108.953511823,90.6126099121,94.6632781143,88.9965868883,90.2586069993,121.576354303,101.849645831
2019-10-30,107.438622958,96.9511297296,104.349432083,109.592574873,89.9125314303,95.5365860933,88.8723575517,90.6819492868,122.362218548,101.024366806
2019-10-31,107.225478232,96.7356558141,104.766981419,108.904711057,90.6315282452,94.5356255802,88.7637292358,89.8196336536,123.248288545,101.335687497
2019-11-01,107.340813606,96.8964289294,104.881571252,108.60450273,90.4378043657,94.4876488648,88.9397008116,89.9974982348,123.651223997,100.613984281
2019-11-04,106.414111381,96.3934389676,104.554213966,108.91495693,92.6745814285,93.5435500546,88.8753411992,89.5483919335,123.170329608,100.95424914
2019-11-05,106.218604738,96.6961443605,104.422124094,108.858323966,92.5114531902,92.6961299433,88.7470875721,89.499745227,124.281942416,101.611886762
2019-11-06,106.553180612,96.9090217824,105.160615661,108.673652228,91.0345069122,94.3055649437,88.8718275103,89.9357428187,124.834224897,101.402269016
2019-11-07,107.367636635,97.3585724488,105.338349808,109.268337922,90.3346821436,95.0854514164,88.7572907358,90.5700551198,124.790681442,100.160603061
2019-11-08,107.14911761,97.2607975251,104.849320356,109.00207448,90.841889401,95.0615072013,89.0236545931,91.2033000709,125.251125832,100.816412628
2019-11-11,107.11655734,97.2192555637,104.897047489,109.081779533,91.7338245464,95.6855153708,88.758761184,92.003039603,125.145708544,101.0888214
2019-11-12,107.173674752,97.2803549053,104.546743483,110.19574054,90.9954290407,96.1972120783,88.1392875571,91.9567499976,124.846127695,100.029603904
2019-11-13,107.768520352,97.6452049072,104.814914944,110.175404862,90.8054523725,96.9293252632,88.0039545723,92.7855478071,124.105121971,98.2325859782
2019-11-14,107.302310778,97.4188457672,104.381519257,109.686758334,92.1067591014,96.1022509246,87.8539994678,93.4600030751,124.128050517,98.3515096254
2019-11-15,107.530545458,97.5800988,105.008838997,109.293963598,91.198344208,95.5465469728,88.1743388866,92.680595379,124.69538092,97.8577014583
2019-11-18,107.264971035,97.0245882767,104.813183634,108.000390352,91.7079427426,93.7828951002,88.3532601523,92.3393336466,126.192074042,98.9790461792
2019-11-19,107.867928395,97.0029197698,105.075745234,108.062488274,91.1452189032,93.4399236206,88.3734045998,92.4101592606,125.885101949,99.2929053181
2019-11-20,107.162748605,96.6440341194,104.740071984,107.764417004,91.4751855495,92.5145249027,88.462649089,92.3980514184,125.661835603,99.9062050357
2019-11-21,107.531106788,96.9122675312,105.256855765,106.453278514,91.3667837978,93.2401783829,88.6013196146,92.3069298631,126.5640264,98.0032407288
2019-11-22,107.924556001,97.1106939491,105.978988208,106.297205345,90.6789913095,94.1164313622,88.4147489147,92.7126074528,126.426848462,97.0068803815
2019-11-25,107.919370205,97.0606882626,105.727105879,106.532053721,90.8501779363,93.8815296978,88.5099235293,93.2904174511,126.457463746,96.8776058673
2019-11-26,107.821902371,97.2553030879,105.370740675,106.730714006,89.76670474,93.9661969899,89.1753291944,92.3579703526,126.623189496,97.0710674614
2019-11-27,108.113001995,97.088159087,104.936443482,107.585685839,89.5856344637,94.1172839025,89.2330761258,92.3042918887,126.215349066,96.6175227083
2019-11-28,108.091354981,96.6027163464,104.867522668,107.048272436,89.4458306941,93.4950727009,89.1545785836,91.3233600903,126.990888139,96.8768089704
2019-11-29,107.748394769,96.4859458292,104.783188065,106.307744129,89.2101510428,93.5882694826,88.7803069627,91.3899935621,126.554705035,96.966113834
2019-12-02,107.642393266,96.3586006087,104.718761691,106.997735841,89.0914828971,92.1967838418,88.7634040777,90.695964607,127.59761246,97.157223662
2019-12-03,107.545132607,96.3416779715,104.950949978,106.739212972,90.1343590745,91.6466096248,88.0647109478,90.4829301486,127.308412108,97.5447519206
2019-12-04,107.786400499,96.3155210402,104.924192472,106.542978554,90.829558059,92.5415147146,88.2637995547,90.8287026082,127.797440716,97.2352618408
2019-12-05,107.209473026,96.07253339,104.210318288,106.895268757,91.4733357848,92.7276476251,87.9704397255,91.7193532255,125.603581348,98.4825996877
2019-12-06,107.013455891,95.9574229916,104.105210787,107.446850977,91.65146237,92.8610274378,87.6554392021,91.5785156881,125.888618489,98.7516804606
2019-12-09,107.372148521,95.8936183693,103.72920494,105.568701026,91.951934719,92.3193220922,87.9574707852,90.6630286409,127.761644195,99.6653455168
2019-12-10,107.513458977,95.8663693507,103.911374077,104.67119938,92.4750397004,91.7363984181,87.3453573765,91.117996734,128.407535442,98.4083334322
2019-12-11,107.152114876,95.598619924,104.365431872,103.636515533,93.2745406552,90.8931820683,87.510414372,90.5256732091,129.096925457,99.7368135394
2019-12-12,106.180097506,95.2385764409,103.694943231,103.872908922,93.3901242387,89.4420482795,87.7385003531,89.9650913952,129.08590023,100.216883145
2019-12-13,106.132374169,95.1324120361,103.594751148,104.760659133,93.5281428714,89.4308971223,87.3549912821,90.5707668867,128.052444699,99.6070883657
2019-12-16,106.332223863,94.8194885329,103.974577127,103.14342579,94.8577083665,89.5523220873,87.2396111255,90.3891296977,127.017795308,99.6980191631
2019-12-17,106.59274531,94.8471930616,104.159362334,102.725515308,94.7592489415,89.6517578905,87.0830879361,90.744767044,125.851977358,98.8100859627
2019-12-18,106.20842688,94.5542209978,104.009824202,103.898567803,93.1127185075,88.984997484,87.3062558216,90.0297051643,126.712022227,98.4226685979
2019-12-19,106.413178949,94.6444138812,104.395974322,102.247857719,92.9660141585,89.2241759338,87.3820216703,90.0024977164,127.407480466,98.9400531845
2019-12-20,106.598481793,94.8526720931,104.604504754,101.978239149,92.9357545854,90.1407805835,87.2263037014,90.3097990181,127.248888244,97.7118921308
2019-12-23,106.854896924,94.9682516221,104.633607376,102.115429598,93.2501260259,89.9964744983,86.7330046263,91.1984273065,126.558426976,96.3522531419
2019-12-24,106.783409483,94.6363260612,104.4298402,100.68502106,94.2139641296,88.7682121,86.7225596154,90.820838064,128.148420522,97.3971446363
2019-12-25,106.787751422,94.9066265313,104.156258923,100.861851935,93.6974916546,88.2711514954,87.1834530282,90.1452649344,129.446029385,96.4618684651
2019-12-26,106.637943637,94.6471860444,104.302465782,100.626841057,94.534497798,88.0380392989,87.2021715465,90.0981943155,130.122392702,97.2062770802
2019-12-27,105.909434029,94.1555532722,104.333856254,100.008995902,95.3250520524,87.5459244544,87.0686680528,89.0158768246,130.205635203,99.199717017
2019-12-30,106.004229806,94.2306359081,104.227909133,100.788199971,94.6599846743,87.6536918569,87.4988593179,89.2696684582,129.74567614,98.0600727294
2019-12-31,106.082532924,94.1285246523,103.690865541,100.24533045,94.0442631717,86.8880051847,87.0153640389,88.5868384967,129.669522463,98.0958840935
2020-01-01,106.019985971,93.7699508225,103.392040333,100.069469631,94.4653483176,86.3668314431,87.1875071883,88.1733206895,131.613150275,99.4137764455
2020-01-02,105.589344593,93.6993345936,102.899593579,100.550663126,94.3543394767,85.8093526324,87.0965596213,88.5732521367,131.286369569,100.078591741
2020-01-03,105.256308902,93.4467611488,102.354749566,101.123240869,95.1296799624,85.2074564036,87.0047272186,88.695557713,131.221152164,100.705965648
2020-01-06,105.398054434,93.3962234943,102.19438164,101.149853465,94.6462418286,85.5727042077,87.4796376577,88.0106543843,132.57478261,101.176788965
2020-01-07,105.309312967,93.1763741715,101.952857959,101.386373474,95.2753547136,85.1290910128,87.4104498329,88.3487180303,132.513929078,101.31756065
2020-01-08,104.739069851,93.0381341457,101.192109058,102.412974608,96.4969118432,85.1701002154,87.1823074335,88.3646258491,131.507022185,101.888617744
2020-01-09,104.632465147,93.2284144981,101.260981163,102.398447644,96.9092927532,85.0389845006,86.9469721059,87.8547534234,132.672717751,103.115456362
2020-01-10,104.671027979,93.1212620342,101.583701064,101.597409353,97.109442071,84.4092470327,87.6090922354,86.6637256036,134.857732637,105.161420479
2020-01-13,104.839669541,93.1254744586,102.006774943,100.616440531,96.5923388044,84.8806326356,87.6777766867,86.6099539938,135.111781373,106.058525221
2020-01-14,104.587120911,92.7195954866,101.4148935,99.9065084295,97.7357728635,84.2988497276,87.7434292306,86.3571357687,135.771237944,106.976204786
2020-01-15,104.504073534,92.5085379517,101.900819731,100.161289817,97.9967797846,84.410465582,87.498194366,86.4442641691,135.320372607,106.41216116
2020-01-16,104.688759026,92.4403605913,102.493401743,100.613711078,98.5181128799,84.3729223912,87.0488009833,87.5013018247,136.755333014,106.566429281
2020-01-17,104.607677634,92.4196492127,102.027045174,101.185590033,98.6924889441,83.9164120637,86.4706107672,88.0622076994,135.86385721,106.713728258
2020-01-20,104.869652503,92.3228713623,102.263713254,99.9142853339,98.263104418,83.9344339327,86.3889067789,88.256347946,136.912357165,105.921078808
2020-01-21,105.183793347,92.9178231857,102.343713021,100.158253961,97.786932519,84.8330640768,86.4982302659,88.4440919702,136.913357593,105.300280163
2020-01-22,105.117747926,92.6627943471,102.661626896,100.393194758,97.6556954919,84.7021275945,86.4104254163,88.1958278617,135.657837236,104.979125339
2020-01-23,105.01186248,92.3976082116,102.655200022,100.858800372,98.1202324602,84.6015167268,85.891534931,88.3950545216,135.680077365,105.340251501
2020-01-24,105.206224411,92.4048676274,101.75211198,101.009321839,99.0940200006,85.1823135243,85.0672836031,89.0811588478,133.373796655,103.802981257
2020-01-27,104.858653812,92.0109200464,101.074304752,101.181208368,99.358829478,84.4761060346,85.1162827568,88.5663181896,133.540477492,103.894097602
2020-01-28,104.912670621,92.1131942866,101.81282489,100.639146683,99.2219927531,84.8918058008,84.9618849944,89.2740049507,132.939893654,103.322405325
2020-01-29,105.348903367,92.7116753389,102.542006444,100.559135924,99.1175232584,85.5901117148,84.9002842635,89.6879822349,132.886782715,102.681662788
2020-01-30,104.84062183,92.2673514653,101.848077008,101.176183389,98.9733357759,84.9247045752,84.7004791023,90.0695628004,132.379679899,103.879173999
2020-01-31,105.150413445,92.4793745319,102.703470853,99.9786157569,98.6261420484,85.1552739986,84.958936238,89.9310703307,133.157627654,103.701548825
2020-02-03,105.436031173,92.3534269623,102.950966797,100.161988927,98.0208508035,85.008337684,84.7589685574,90.2395374421,132.786581208,103.528322676
2020-02-04,105.450579583,92.8408569808,103.412815967,99.1974509009,98.4935814533,85.2020322661,85.2931830526,90.2084486869,132.81501627,102.597716914
2020-02-05,105.371208749,92.6230982406,103.114686728,99.0399897066,97.1155537722,84.7262441145,85.5011041313,89.2099826176,134.735255166,102.691322505
2020-02-06,105.398742781,92.4551016274,103.406211183,98.0974359379,99.1454254682,85.0345132893,85.8708327241,89.9775546868,135.014873035,104.02333509
2020-02-07,105.164192136,92.2167818282,103.092912175,97.6968880074,99.6289949799,84.0552969683,85.3740663931,89.7566578999,134.213881216,104.575585156
2020-02-10,105.456349139,92.3964671796,103.160194022,97.7185277723,99.1610449153,84.3777417974,85.2434248998,89.6059260256,135.547159007,105.049640953
2020-02-11,105.27568613,92.376248006,102.687228428,98.3090129898,98.3496471977,84.4448323479,85.2372231735,89.5666397991,134.814275333,104.574682808
2020-02-12,105.313138772,92.0815788337,102.393242081,97.8651939396,97.6643011509,84.0962042728,85.4245559406,88.8756640818,136.658741858,106.111525686
2020-02-13,105.13013072,92.1605662079,102.703523159,96.6674347714,98.6127334862,83.6816233713,85.8300773316,89.3442618277,136.029045024,105.882310247
2020-02-14,104.979824657,92.2743811896,102.42957605,97.4661284714,97.6383084679,84.105997143,85.8579895312,88.9056996946,136.590518762,105.456275551
2020-02-17,104.882630483,92.4031488301,102.251181345,98.651498841,97.2738112917,84.6147872556,85.1842942982,89.634277438,135.401238885,106.327756916
2020-02-18,104.676404185,92.3586452264,102.851183068,98.9754116648,97.3506583563,84.1220121181,85.5358229877,89.200649817,135.536186526,106.207811539
2020-02-19,104.700698738,92.1124344164,103.361655278,98.4250547434,97.0451549415,84.5109992682,85.4798479306,89.2906016019,136.316702585,106.661427522
2020-02-20,104.024583877,91.9908502762,102.895408953,98.6678019418,97.4986776453,83.6490852902,85.3740006537,88.8366894472,135.588099817,107.191349731
2020-02-21,104.098173861,91.7474968309,103.386971134,98.1793989497,98.3015597275,83.3163138006,84.9448588682,89.2429088622,134.756973772,108.282710074
2020-02-24,104.067593003,91.5862843925,103.602832311,97.4422381624,98.4319788536,83.5949250379,85.0827938354,89.2038694971,135.287861252,107.296043839
2020-02-25,103.738884084,91.2178719815,103.489837736,97.3135203819,99.0284832184,83.2373155383,85.0631439459,88.7873233332,135.478523078,108.641608827
2020-02-26,103.970905206,91.7060855492,104.493698559,97.1082319956,99.769941655,83.2288608072,84.7193850045,89.1410102553,135.375029879,108.050332603
2020-02-27,103.62396755,91.818941123,104.957754666,97.8144199824,100.233656298,83.1354291859,84.4862991764,89.0322163179,136.692846266,107.987383879
2020-02-28,103.730132102,92.0062472784,105.549843657,96.9908681185,99.6854256707,82.8339603512,84.8081847963,88.8303993045,137.526814644,109.049476989
2020-03-02,103.394154502,92.0097645833,105.242426526,96.8338925156,100.182152631,81.9930571427,84.4835599914,88.0091656353,138.173458133,109.018279936
2020-03-03,103.509792122,91.8773528219,105.374921182,96.6971112837,100.953592718,82.4901270664,84.1874804759,88.819268806,136.65642175,108.331180878
2020-03-04,102.974767015,91.5469505842,104.901093409,96.994880385,102.05339057,81.7103134091,84.1721679387,87.9591820927,136.54823009,109.750195916
2020-03-05,102.740505835,91.211560815,104.519946462,96.7023471266,100.76069561,80.9296112452,84.6848813847,86.9868078773,139.115750344,111.144240858
2020-03-06,102.928537274,91.7173924752,104.43025712,97.7581286851,99.7990605426,81.5316052598,84.662721179,86.7181854256,139.464618704,110.030299644
2020-03-09,103.100878435,91.9245061402,104.386264659,98.5181336707,98.668398628,81.7214999291,84.5326995528,87.5554140494,139.512674746,109.253674227
2020-03-10,102.720120756,91.8820547877,104.289093655,97.0299386012,100.045079448,81.6760858169,84.7044290934,87.6685335148,139.57553383,110.147833532
2020-03-11,102.720279001,91.8559160618,104.660767155,96.5038524713,100.191462003,81.5399223738,84.933634011,87.155767774,138.510071638,111.122904415
2020-03-12,102.800444117,91.5360369387,104.581433278,96.1822394126,100.626333024,81.55269259,84.5266752829,86.9817024559,137.910681477,111.231433563
2020-03-13,102.353071498,91.4224313311,103.953929254,96.7875102804,100.310263096,80.931994701,84.8047290837,85.9596452158,137.586704672,111.6516067
2020-03-16,102.293716679,91.3582831246,103.262942625,98.1144432758,99.7133362863,80.7638945144,84.7568805873,86.2022799538,137.027923878,110.982705826
2020-03-17,102.328526382,91.220952954,102.553148905,97.1102423776,99.8794105663,80.6983284318,84.4436672794,85.9616469103,136.897535583,111.580582773
2020-03-18,102.350475244,91.3650151919,102.893412927,97.2955135672,100.178639832,80.6096150091,85.1707102159,85.5917519445,136.626924297,112.22564433
2020-03-19,102.428020445,91.3219933323,103.060709321,96.344384405,100.543002192,80.2180401838,85.700091469,84.4099690992,137.895830471,112.363436706
2020-03-20,102.404758633,91.2700023442,102.921740387,96.507326843,99.931409272,79.8216147736,85.942487801,84.0924324841,138.734510559,111.795367979
2020-03-23,102.361183933,91.620642416,103.423866645,94.9752755807,100.372388857,79.9843551368,85.9225882285,83.9584121083,138.636457742,112.502084485
2020-03-24,102.173059553,91.9370487361,103.219282828,95.5520763726,100.485116517,79.6970916765,85.6152680337,83.9928407333,139.33856166,111.535424477
2020-03-25,101.59049656,91.5995815241,102.905924626,96.4087668227,101.293586677,79.6322582456,85.6668721831,83.2482817374,140.690096973,111.828869843
2020-03-26,101.378635725,91.4178309184,102.329431166,96.4961839315,101.102628811,79.6080173775,85.5945558212,82.6189658053,139.806745182,112.27471403
2020-03-27,101.566142876,91.3779580551,102.491432122,96.0355331907,101.584324752,79.4413247736,85.8005314681,82.7610414022,140.058822921,112.360615641
2020-03-30,101.41959532,91.0628600199,102.429253099,95.8845510896,102.519269603,79.1254811387,85.6534955623,83.4801143746,140.70352602,113.394806214
2020-03-31,101.493432034,91.6015219501,102.440334857,96.9582686899,101.958066104,79.4588308311,85.2029975442,84.7643075292,138.895485316,112.165296777
2020-04-01,101.282170315,91.3992697907,102.258494466,97.0242637793,101.932600612,79.4246087092,85.3456039758,84.1365774949,139.69147184,112.779204037
2020-04-02,101.019452106,91.1532766989,101.889429078,96.6994253595,101.796004742,78.976326091,85.6345606135,83.505510264,139.136949819,114.075265052
2020-04-03,100.784142959,90.6791570777,101.787866642,96.2234428352,102.244292634,78.4244149753,85.1902887804,82.8970227881,139.661637262,114.540352772
2020-04-06,100.895050862,90.9513737696,102.052994465,94.9930960255,103.670478862,79.0803920175,84.7284792976,83.8249356533,138.407148515,112.61845176
2020-04-07,100.802497326,90.6775188248,101.719420655,94.6557703413,103.163066024,78.7098500199,84.9401933892,83.0022983411,139.250753185,113.854472297
2020-04-08,101.004422172,91.1401631306,101.883759033,94.644074692,102.444639469,79.1769103267,84.6372074929,83.8131850491,139.681215488,111.273552808
2020-04-09,100.49554456,90.9260664437,101.351339411,95.4911834431,102.67997613,78.6975381127,84.4592156484,83.2922223137,139.402700846,113.056081335
2020-04-10,100.915029055,91.155301884,101.988358816,96.5538391232,101.90773848,79.3212890958,84.3820677904,83.6196665185,138.321408253,112.181153482
2020-04-13,100.360766735,90.9671104999,100.80523197,96.3198998503,103.658289022,78.6780009623,84.1764461027,83.2494247272,137.010435025,111.922863161
2020-04-14,100.563989651,91.0181733583,101.08378978,96.4044566814,102.264357769,78.6543770554,84.3898363349,82.6733049979,137.423523903,111.66339172
2020-04-15,100.791455488,91.07662782,100.874268182,96.8301969157,100.517213464,78.4556627931,84.4823800407,81.808841397,137.987421633,111.457277607
2020-04-16,100.937606257,91.2803214932,100.57001783,96.7897470449,100.146104411,78.6350232221,84.5499582881,81.7267600863,138.540261693,111.042169382
2020-04-17,100.700629593,90.866706434,99.7764947004,96.8147548052,101.162893088,77.9592033793,84.7514575296,81.1198202057,138.053714465,112.477151156
2020-04-20,100.531821603,90.902278354,99.8689877307,96.1765141752,101.286353643,77.6499449659,84.9256748729,81.4443586813,138.25212281,113.264932613
2020-04-21,100.542922462,90.9255235907,99.7758832868,96.1110848556,101.185199489,77.5491837091,84.7249362116,81.6252984746,138.459534905,113.075492642
2020-04-22,100.616430522,90.3801049983,99.9771198439,95.8317386667,100.847135716,76.9322459736,84.7359963736,81.161589054,141.190833882,113.68096086
2020-04-23,100.778412801,90.4940047667,100.654247629,94.9773545548,100.89098285,76.8807040055,84.1857029117,81.1556021917,142.585113866,112.991841121
2020-04-24,101.023416613,90.5583561905,101.012561622,93.6928750144,100.219970402,76.4008435496,84.8307658932,80.461523883,145.072370458,113.98621919
2020-04-27,101.397927236,90.5546342642,101.603836557,93.7081016189,100.867392382,76.1995413332,84.8749980651,80.4671209406,145.095523717,114.746535851
2020-04-28,101.387696484,90.8305217091,101.249553452,93.8968561636,100.984548237,76.3149135025,84.6508363068,80.5272170264,145.001773409,114.144427461
2020-04-29,101.663365533,90.7427220607,101.552098544,93.8008467854,100.100663538,76.1078314781,85.4499211292,79.8123766199,147.562779162,115.255242361
2020-04-30,101.93633815,91.110006295,101.904697217,94.6702192272,99.082711615,76.5844385272,85.3000694131,80.1268622173,147.848691331,113.767228657
2020-05-01,101.582578685,91.2232492548,101.181369597,94.5244596615,99.6238411245,76.633490905,85.2237964091,80.2406015462,145.756204876,112.743677521
2020-05-04,101.878109659,91.2037041688,101.813878008,93.6110617319,99.5838459317,76.9446868,85.486775393,80.516311423,146.171698587,112.614133788
2020-05-05,102.074756562,90.8295889266,102.212883137,93.541746418,99.3159881258,76.6056110912,85.6034282555,79.8658442904,147.793454449,111.619256205
2020-05-06,102.067171338,91.0838778846,102.114410501,93.4714700874,99.3709232117,77.0101497971,85.7675033341,80.236502681,147.475278728,111.095058838
2020-05-07,102.049716645,91.2600242763,102.093038338,93.2019818383,100.0223244,77.6225913878,85.6988772772,81.4004380153,145.795438215,109.274618309
2020-05-08,101.933243144,90.8820541529,101.775642637,92.3872325198,100.136920675,76.9878057994,85.5801924548,81.1307279233,145.863363376,110.716933065
2020-05-11,102.171808662,90.5084918826,102.306412061,91.4237689453,100.121588784,76.8332254618,85.9417289962,80.4773241528,147.35907313,112.140210171
2020-05-12,101.596099108,89.8249877728,101.616937255,91.3206377622,99.687618357,76.0551594413,86.3458137234,79.6807076093,148.104904561,111.747831668
2020-05-13,101.587655133,89.7867574475,101.227531454,91.7850340632,99.4477897907,75.646325666,86.4653550139,79.7297852841,148.251667606,111.264092319
2020-05-14,101.625032485,90.0224019803,100.964627403,91.8252472002,99.419961348,75.8653675963,86.2694386534,79.8768406647,148.99833048,110.021425934
2020-05-15,101.78620666,90.3632939159,101.377579118,90.9009215562,99.040179688,75.7174209513,86.401607235,79.9330672891,148.412709698,109.479130606
2020-05-18,101.911190443,90.475914171,102.263735112,90.5768352658,97.9303805425,75.472870464,86.7912710643,79.5239902049,149.000798433,109.129069351
2020-05-19,101.947553931,90.6775709558,103.462346731,90.1479458335,98.4853970273,75.646992034,86.3654432951,80.4040415217,148.722120657,108.437442995
2020-05-20,102.373789832,90.9424257602,104.033483121,90.2631164362,98.1081654368,75.7169872109,86.3547020118,80.9025564556,148.296717194,108.21889623
2020-05-21,102.195705893,91.0935557632,104.015035555,90.231039275,97.7454548505,75.8809974583,86.0513569829,80.4183627842,148.36211582,109.744139191
2020-05-22,102.18167865,91.2878100816,104.101688112,90.4412810796,97.3026937945,75.8014363395,86.0112764412,79.7575991125,148.6562474,110.214887288
2020-05-25,102.001707487,91.1609490873,104.148809054,89.8407844308,97.4034273832,75.2625599404,85.8298592121,79.0970476999,149.917913246,112.447609738
2020-05-26,101.711392806,90.8481737477,103.106267569,90.5117436311,98.3200771595,75.1755872248,85.5884256111,79.5370196737,148.398171338,111.181600644
2020-05-27,102.236020353,90.8313854009,103.971016744,89.3607519191,98.7063622005,75.4583195605,85.7247136142,80.164423981,149.297641727,111.945425273
2020-05-28,102.609328845,91.4249750516,104.506435945,89.2872463297,98.7185277482,75.6466329464,85.8637060689,80.5836883137,149.565473968,111.798643396
2020-05-29,102.263302104,90.9419013477,102.828991255,90.2781441013,98.748355138,74.826542562,85.6139529241,79.7073879198,149.636980293,112.334531564
2020-06-01,102.180948611,90.9745026675,103.693844704,89.7275157794,99.8196184299,74.7683223523,85.6682184062,80.0547084333,149.083787573,112.276740223
2020-06-02,102.507358269,91.2299099437,104.071759018,88.7056401164,99.4767858951,74.4146835531,85.9439481852,79.7933342558,150.271508257,112.674715627
2020-06-03,102.052760959,90.751527682,102.978399923,88.7875496487,100.115499582,74.1742868238,85.8600595555,79.3518061787,151.206388896,113.697196565
2020-06-04,101.869352029,90.6728958228,102.889942283,89.4055379409,101.103140748,73.6481234967,86.3436798446,79.1565335722,152.325431943,114.104390564
2020-06-05,101.746018365,90.7607170924,102.272246654,89.2660248627,101.041381821,73.5189266621,85.9741894787,79.3602761301,153.748887864,115.691314467
2020-06-08,101.69567931,91.0432229334,102.766444219,89.0205468044,101.1677665,73.8168403813,85.6039729102,79.4162868574,153.48357752,115.358728001
2020-06-09,101.335385103,90.6626737682,102.372600023,89.5289441024,101.455771859,73.9584148319,85.3552872521,79.3532328321,152.840354537,116.245615755
2020-06-10,101.124560565,90.9257692254,101.615860024,90.4000498825,101.261191053,73.8822807553,85.7460396717,79.2194283534,152.750145186,117.034067492
2020-06-11,101.487784392,90.6769082213,102.334239237,90.6471884033,100.06921611,73.3404604707,86.0892278396,77.4739738979,155.033086659,117.427163043
2020-06-12,101.516405785,90.7063939718,102.852262403,88.5969952358,100.62359694,73.3585221304,86.4275438798,77.1049273379,156.802996506,118.140391805
2020-06-15,101.569113518,90.7171355242,103.355556547,88.4256904375,100.059880697,73.4661220495,86.4631752932,76.3656643173,158.268528266,119.499122148
2020-06-16,101.346117091,90.3788362646,103.374633588,88.9616210168,100.316519648,72.8693941791,86.3641916959,75.3729943572,159.396781302,119.653123001
2020-06-17,101.969836688,90.5834268219,103.868290465,88.5680032233,99.5762328826,73.1393547659,86.1806367682,74.7287658527,160.575205849,120.680960735
2020-06-18,101.76804663,90.5116158917,103.799779931,88.6051717894,99.7172978891,73.2529678585,86.0438878951,75.2356785263,159.199227084,121.019157956
2020-06-19,101.873728298,90.2573662562,103.731723621,87.3938534259,100.114843715,73.0594732977,86.156720764,74.5835271604,159.914571614,122.277973511
2020-06-22,101.798850949,90.083251385,103.392102488,87.8649020457,100.134247028,73.1981157282,86.2708634768,74.6885278747,160.090209057,121.674161918
2020-06-23,102.064753083,90.2904682867,104.663223998,87.4801810313,99.1860951235,73.1559732724,86.8094370104,74.7583951218,161.125966908,119.87881942
2020-06-24,101.703012837,90.2945339006,104.691235496,87.1497161711,100.004435381,73.1732486293,86.989027915,74.0935955844,161.972097793,120.681025615
2020-06-25,101.445571089,89.6998989033,104.155987537,86.7970457476,99.3481466324,73.1727714713,87.1849503854,73.6785165181,164.196796051,120.588729107
2020-06-26,101.480208998,89.641677344,103.836631124,85.8030897017,99.5787977599,72.8185659962,87.4013921985,73.1542956398,163.761533795,121.195432939
2020-06-29,101.378431001,89.4884961518,103.570172764,85.2681707172,100.356430868,73.2030354349,86.8408488199,74.0193851607,161.887994522,121.404692075
2020-06-30,101.2735952,89.3095007352,103.511524105,85.1561482829,99.965069713,73.0434021255,87.6284687022,73.3833497993,161.866765998,122.868974002
2020-07-01,101.087471523,89.5093653816,103.745296251,85.1624068835,100.068150873,72.6298366086,87.7301488782,73.0644014668,163.718831367,124.191352458
2020-07-02,101.279268898,90.0564136942,104.011226278,83.9066784892,99.7146315839,73.0096102236,87.8749957551,73.1041996886,164.067562124,123.955328907
2020-07-03,101.028530703,89.9907432688,103.754150855,84.1931984475,99.7728300666,72.7075518443,87.557257251,72.3053724484,167.362895318,125.618662095
2020-07-06,101.14731594,89.7100702076,103.665324581,83.8338150857,99.2913628888,72.3954844297,88.0018697533,72.2019724259,167.235618195,125.843948035
2020-07-07,101.38619881,89.7275502813,103.841776199,84.0147852621,99.2219044487,72.5579681684,87.8677738076,72.0960842679,166.293806857,124.271851799
2020-07-08,101.296055339,89.8721922283,103.167405549,84.5516778832,99.2746888211,72.1032332866,87.769891731,72.4386631087,166.735392481,122.72942927
2020-07-09,101.357224363,89.8215456476,103.362614747,84.4907263935,99.6875711885,72.2124267892,87.5174471634,72.9372640852,164.684008269,121.275283986
2020-07-10,101.109440053,89.4822071493,102.245706641,85.3180816883,99.241243745,71.7250971948,87.8658520293,72.0556793483,167.216519109,122.034747143
2020-07-13,101.379216613,89.781849874,102.398631845,86.2252289268,99.2033219451,72.1098868173,87.614588036,72.161943742,166.226387537,120.600945954
2020-07-14,101.256255941,89.3311089006,101.983344923,86.5782118855,99.1430423846,72.5136949672,87.7612819328,72.1754024973,164.994271728,120.724952346
2020-07-15,101.451752564,89.4864290588,102.047374914,85.8373300918,99.0788415435,72.1890622473,88.1668004986,72.4735357388,165.68196725,120.979203976
2020-07-16,101.6985854,89.1787567713,102.165529143,85.5552092328,98.8221194617,71.9227835615,88.1579115697,72.5664498991,168.625410941,121.546290053
2020-07-17,101.357734871,88.8506143011,101.713539403,85.790052216,99.0939542329,71.8500061416,87.884341649,72.5379831639,167.472020669,121.569476159
2020-07-20,101.389354935,89.1814804441,101.134891735,86.7593186978,98.7895904693,72.107340772,88.0244224847,72.4394210735,166.258707463,120.27383905
2020-07-21,101.464487137,89.446833766,101.051068008,87.0591207836,97.7777300162,72.1192367728,88.3508532521,72.4292413264,165.562123553,119.514943478
2020-07-22,100.957720935,89.3340034812,101.059401204,88.0510262954,96.910792712,71.615602427,87.8428226941,72.5839516483,165.831515437,118.116603566
2020-07-23,100.728622935,89.2561291919,100.424233027,87.7182969716,96.9237635521,71.6727885233,87.9049614287,72.8644424131,163.82162765,118.221398754
2020-07-24,100.390429754,89.0450781649,99.8152980529,88.2761626101,95.8451084507,71.6938166349,87.867579126,72.187489093,163.740551539,118.129806972
2020-07-27,100.115544968,88.8322207802,99.5750614725,88.8077798334,95.4823827877,71.884170937,87.6092958054,72.2724844262,163.162242289,117.471697886
2020-07-28,99.8159475353,88.8771947927,98.5554611512,90.0092871029,95.084155649,72.0321053377,87.4924067402,72.5349875767,160.166061668,117.109908925
2020-07-29,99.7015936812,89.0697397156,97.6920784779,90.3269957231,95.0057067711,72.2421371569,87.294868641,72.385314982,158.524554182,116.685819712
2020-07-30,99.640032683,89.371419484,97.6984234393,90.036264735,94.9038692089,72.2153312853,87.3010452161,72.5020905707,157.698770627,116.985508767
2020-07-31,99.9752061609,89.4476041607,98.2025313496,90.1615969825,94.9883274166,72.0703276128,87.3923006885,72.1846622269,159.094506004,117.667917983
2020-08-03,100.009463291,89.5384746545,98.0248401075,90.3637391664,95.0358209274,72.0276977863,87.634311686,71.8510076934,159.677069236,118.253201101
2020-08-04,99.6784864139,88.7482634957,97.5800344501,90.3627424385,94.4889934899,71.3829027427,87.7054266605,70.5375679557,161.926637559,118.94613928
2020-08-05,99.8267499331,88.7072642734,98.4807542162,90.1028890928,94.503838434,71.4010993911,87.8640451846,70.9930732939,159.490704107,119.252337376
2020-08-06,99.6668425537,88.7776164846,98.5749254404,90.6015797858,95.0868117906,70.9475303041,87.6478910247,70.6928896187,161.711718175,120.797487385
2020-08-07,99.9115706714,88.6855872515,98.3262297454,90.6763428744,94.492166013,71.2489886229,87.6216400562,70.5106717343,162.730102728,119.337678799
2020-08-10,100.14485721,88.6035156301,98.6424282745,89.8323621693,94.4615488345,71.4744641535,87.7581738103,70.7067545476,163.307538047,118.476383307
2020-08-11,100.536835173,89.0344836185,98.8122461275,89.8468295756,94.3936502722,72.3683978156,87.4887031043,71.3625199149,162.179359307,116.84494681
2020-08-12,100.335814805,88.4807927616,99.0595306014,89.0238771831,95.2202695753,71.7676095021,87.5966045211,71.1906748384,163.659282782,119.719851675
2020-08-13,100.485392712,88.7631340731,99.884813052,88.6895972314,94.4382206711,71.7924859467,87.8117529451,70.8765320333,164.12071118,119.652947072
2020-08-14,100.524670895,88.7063006631,99.5426593076,89.6507157502,94.3571486595,71.3502374628,87.5846134686,70.0176536646,164.908292272,120.440515013
2020-08-17,100.5984077,89.3059097001,99.7461773375,91.1428434938,93.831972113,71.8582502002,87.201537489,69.9175326355,164.534904246,118.145391793
2020-08-18,100.838409685,89.5230828873,99.3982464206,90.9287766616,93.9035862055,71.8729599681,86.9798094116,68.9691567459,165.507599643,119.094849434
2020-08-19,100.697023341,88.5357350765,99.1339332302,90.6771972821,94.1181448906,71.4993292795,87.1266239568,67.9111903583,167.272171742,120.270671633
2020-08-20,101.249329362,89.1648449768,99.7307009916,90.9533927184,93.6541889142,71.6293823624,87.2878212562,68.398784273,167.650165687,118.3154367
2020-08-21,101.466620091,89.3236921505,99.5876899768,90.6376728319,94.3010113129,71.4924212469,87.7445468852,68.5737292091,168.31293319,118.044347431
2020-08-24,101.726937986,89.2076245731,99.5450244555,91.1842825181,94.318444557,71.7126512863,87.6177228731,68.5333164094,169.604145459,117.409152038
2020-08-25,101.654886454,88.7292874288,99.539656643,90.4722993563,94.179277388,71.2123791305,88.0125606167,67.5645488339,173.764495187,119.475539928
2020-08-26,101.621111051,88.3929959076,99.1325067337,91.1580983292,93.6541982957,71.0016678701,88.2855356317,66.8966485494,174.117442823,119.403868012
2020-08-27,101.4995385,88.0398978273,99.4908778358,91.1157939825,93.0630714647,70.7044882282,88.7835814215,65.897375656,177.479024544,119.153908108
2020-08-28,101.47642888,87.913197736,99.1638332856,91.248153756,92.8371562231,70.2975075311,88.4486424732,66.1002587326,175.678470014,118.077760504
2020-08-31,101.067089276,87.6792351459,98.700662111,91.5002333457,93.5356742903,70.4848400506,88.7687225381,65.8768667808,173.308268552,118.713240449
2020-09-01,101.192600648,88.0008263676,99.0231339089,91.8574163633,93.6393839921,70.7660703437,88.7852369331,65.780715198,173.743458497,117.419093299
2020-09-02,101.289258561,88.0944911963,98.6803376369,92.6449535856,93.4813075305,70.3571043911,88.9719705358,65.4089362345,173.031009618,117.62748247
2020-09-03,101.539965901,88.5309990599,99.1098816713,92.8442497108,93.2500150935,70.6652829755,88.4754628859,66.3098263851,170.766656671,116.789612662
2020-09-04,101.40572249,88.5783530941,99.1278745525,93.0982532762,93.5202904735,70.909314778,88.1860230989,66.6815735808,170.811311029,116.899793746
2020-09-07,100.9872645,88.172217758,99.2188549846,92.4616863065,94.2052989919,71.019722453,87.7815217791,67.537600817,170.066728017,116.471377023
2020-09-08,100.906330395,87.8459332951,99.465619709,91.4510011811,94.1843849003,70.5930017259,88.1596001662,67.3087178374,171.613887323,117.38265614
2020-09-09,100.998516841,87.9958744755,100.589086343,91.5756813792,93.935925797,70.5514276771,87.5263109426,67.5348581282,173.281898735,116.92015156
2020-09-10,101.094158191,87.8827711571,101.2684935,90.7859756808,94.0265246832,70.6542491088,88.0585633928,67.5057213682,175.742261645,115.376955205
2020-09-11,100.982701286,87.9553560417,101.708917789,91.5977272245,93.9265452186,70.6797808175,87.4468538305,68.0360444681,174.515427125,117.220410273
2020-09-14,101.127086517,88.7196663691,102.28936477,91.2497665164,93.86288486,71.0865114176,87.3622392246,68.6719079472,174.964732148,117.07575177
2020-09-15,101.068282168,88.4189080297,102.181332641,91.388288653,93.3693993666,71.0953987727,87.3077113819,68.2802881019,174.422600368,116.899930176
2020-09-16,101.480404514,88.6760717327,102.585565618,91.7365625521,92.6705587978,71.3994222982,87.0195902061,68.4886896102,172.474767998,116.436736891
2020-09-17,101.645150546,88.8105552635,103.227068124,91.901898129,92.32005929,71.1438465147,86.5755977298,68.7006692104,171.976797345,116.303983755
2020-09-18,101.656635238,89.1378692623,102.77353609,91.6740406349,92.6955639745,71.7069902839,86.2354713948,69.4417186914,167.183393886,116.251822534
2020-09-21,101.438946579,88.913632919,102.009419932,91.5339140055,92.6070880982,71.7514924253,85.7014330124,69.9113968894,165.511912744,117.650961397
2020-09-22,101.272094735,89.23327843,101.919419189,92.3526277671,91.8899554264,72.0150461484,85.6579506806,70.2866798934,163.013561742,116.332978823
2020-09-23,101.572526838,89.3941022483,102.27338004,92.3035135449,91.4491811387,72.1330117299,86.0698530762,69.9479174547,166.327507174,116.732876651
2020-09-24,101.324211053,89.6879685684,102.063588071,93.100865408,91.3888527911,72.1712988417,86.4017332393,70.4747163902,164.930458885,116.143864553
2020-09-25,101.746119537,89.8822898816,102.381239645,92.8762793215,90.8278366091,71.9309152118,86.6043831704,69.9016589844,164.620564598,114.459146067
2020-09-28,102.215260715,90.6463929418,103.18359058,92.5793519026,89.7313272008,72.240250069,86.9609828101,70.0513398418,166.702096507,114.195807037
2020-09-29,101.975060244,90.0208259191,102.793508548,92.2115882858,90.0748143353,71.9901866147,86.8607959351,71.119460151,165.344209667,114.482372106
2020-09-30,101.669411961,90.2334148856,102.970472994,92.5979574647,90.4767303157,71.8441063488,86.7640552237,71.5979759357,165.940530139,112.991961915
2020-10-01,101.90190938,90.0741566526,103.571120047,92.1682896175,89.9057430864,71.8283454626,87.0871868151,71.318091682,168.16248003,114.399243066
2020-10-02,102.068375025,90.2540485827,104.029671219,93.1913368256,90.0209135127,72.0016291476,87.1408835926,71.6283606136,167.671210276,115.601422097
2020-10-05,101.739892138,90.3347064717,103.628654306,93.1424414052,89.8059220626,71.6843925557,87.3315309399,71.187818531,167.064176526,117.042369187
2020-10-06,101.776458724,90.5921926155,103.662493548,92.7833526013,90.5830361576,71.6132398721,87.2015392772,71.6216082009,164.341472876,117.242764711
2020-10-07,101.929980714,90.9116160059,104.021739402,93.4661703327,90.3049910655,71.8921374884,86.8048442648,72.0824223741,162.332359052,116.242853009
2020-10-08,102.737311578,91.4249119577,104.742464971,92.6040697794,90.3929306661,72.0389099809,87.5429835644,72.300874377,164.154474592,116.171377123
2020-10-09,102.517345071,91.1781679544,104.625177457,92.125417477,89.9945986951,71.8191159035,87.6253212164,71.9035400455,165.975597776,116.79476651
2020-10-12,102.57686185,91.0325949428,104.694774614,91.5382142465,90.8924028797,71.6063424211,87.5457953536,71.5503960169,166.692171936,116.779903509
2020-10-13,102.5466853,91.0457275194,104.725952999,91.3906552908,90.2417841817,71.8115974805,86.8479804418,72.1165785019,167.578055418,116.326954872
2020-10-14,102.972089598,91.3773027834,105.631387967,91.0580724794,89.9791642377,72.1992914616,87.0695795792,73.4343233937,164.946748967,115.772994346
2020-10-15,103.124682021,91.0759116614,106.77882993,89.9229174546,90.5289275955,72.1315256781,87.1634637163,72.7688992317,167.762217927,116.710953284
2020-10-16,102.69602439,90.2246265872,106.39515724,90.2640124207,90.8001208581,71.8633926858,86.9637470621,72.1808591053,167.267078433,117.112953411
2020-10-19,103.034123767,90.6453425688,105.74553385,91.9667420857,90.3376800736,71.9919019238,86.9862295712,71.7647642486,165.641304628,116.061641042
2020-10-20,103.230333949,90.7046779949,106.018488586,91.3405643749,90.5717949385,71.9873312679,87.2638236311,71.4352561587,169.098873953,116.523792517
2020-10-21,103.13058146,90.0915726085,105.433045518,91.2139355972,90.1725594446,71.636050838,87.6534907039,70.3570142326,170.218787025,117.506467743
2020-10-22,103.322612383,89.7668304493,105.455691612,90.6419700149,89.7786655661,71.4671293044,88.0092857763,69.9636760495,169.579783011,117.680056756
2020-10-23,103.079265737,89.2863569795,105.927014517,90.411858472,90.0658151241,71.1880631592,88.1545840597,70.1305819694,171.525350944,117.686430035
2020-10-26,103.350504527,89.6381511683,106.315563573,90.7046795868,90.0379713975,71.5775609418,88.2347245845,71.2236245228,170.314741438,117.036900932
2020-10-27,102.830951144,89.1700947086,106.129087564,90.2032043184,90.5037599063,71.3172076772,88.0356971082,71.2118779544,171.177254369,116.724743145
2020-10-28,103.093290918,89.408337989,106.749118017,90.2117791494,90.6459431981,71.2044082984,87.9154943935,71.6965643521,170.872669643,115.839169922
2020-10-29,103.671203155,90.0290576159,106.741438204,90.6182952679,90.9644435502,71.8484129892,87.9247130464,72.4543793951,167.898417848,113.998490289
2020-10-30,103.459892409,89.7690534659,106.259567015,90.6371686604,90.9105242709,71.6618216831,88.199710006,71.7669843286,168.056411542,115.316179403
2020-11-02,103.352552142,89.3813781248,106.561112479,89.9919043426,90.8403747517,71.1998231993,87.9305730273,70.9381798574,168.641763017,116.025414536
2020-11-03,103.558503976,89.7658665282,106.701461479,89.9409553328,91.1493670942,71.1161513218,87.4124335096,71.5373104275,167.750980413,117.209911287
2020-11-04,103.390952395,89.2074626907,106.635762055,90.2008775388,92.0209057595,70.8465001743,87.1925166247,71.5006278951,167.521837711,118.682588884
2020-11-05,103.641822086,89.1535141134,106.906341919,90.4792223719,92.2402940314,71.2722289281,87.1729306371,72.9879014148,164.131211448,117.698790921
2020-11-06,103.649085211,88.7795508248,106.892779269,91.2101838854,91.4337997637,71.1999683007,87.3231929848,72.6213602397,164.26295964,116.748817311
2020-11-09,103.071033995,88.8789168954,105.916922013,91.9574301962,91.6462671316,70.7970773114,87.3949503033,72.3486841712,165.516663897,116.097265604
2020-11-10,102.638904895,88.6694907798,106.250805992,91.8478457263,91.6981789062,70.674659339,87.5348571704,72.3461684665,164.54638921,116.174818134
2020-11-11,102.431742167,88.8317990944,105.923500872,91.8675860252,91.881136988,71.0166559339,87.3489924768,73.1727198371,163.125794448,116.308838859
2020-11-12,101.895812292,88.0235346855,106.245122743,91.3777996814,92.5993677288,70.6913599528,86.9724604869,73.8332021123,164.135653813,116.330124494
2020-11-13,102.113850989,87.9580151866,106.372007112,91.5433620711,92.2910556749,70.7544669062,87.4214364256,73.0836187733,167.608003756,117.042809109
2020-11-16,101.905236948,88.2152071684,106.618379429,92.0351944887,91.6255784156,70.8679401209,87.2561211246,73.5281586798,166.782801013,117.182536131
2020-11-17,101.738896531,87.9450407146,106.834134672,92.4066462613,92.0845495677,70.866599245,87.4364314305,74.0479758269,165.714071104,118.123801386
2020-11-18,101.090906468,87.7984654809,106.259192405,92.9937709835,92.6355799006,69.9413788765,87.6046590644,72.7378436452,168.097849594,119.303274559
2020-11-19,101.085175164,87.9749167838,106.150842868,93.0152707564,92.6227681816,70.0361940196,87.5197838463,73.5213946883,165.83523008,117.548511223
2020-11-20,101.20290947,87.859307773,106.776566681,91.9606055264,93.4172481795,70.0708454054,88.6594140885,74.2722592405,165.849224845,116.758894852
2020-11-23,101.252337967,88.0488244295,106.841433501,92.089634718,93.4623365699,70.029346775,88.4421566453,74.4765917307,166.288253559,116.280696204
2020-11-24,101.46271831,88.460205928,107.00332919,92.6119427459,92.9028902651,69.9754694107,88.590695105,74.7060311284,165.625299471,116.812431929
2020-11-25,101.259754142,87.8069906376,106.944435354,91.9341581434,93.687347698,69.5212375217,88.7345052723,74.1751225016,164.841185332,116.975292261
2020-11-26,100.946020528,88.1476106146,106.508937911,93.0553406452,93.7738970697,69.7675999318,87.9687858861,74.3595912417,162.840136016,118.019433707
2020-11-27,100.87815147,87.13760384,106.280157539,91.2457317379,94.5669322041,69.5802562991,88.312708021,73.3777432019,166.023712059,118.528920479
2020-11-30,101.472900249,87.4497621759,106.825094547,90.8064622346,94.0785042486,69.7054825165,88.4072704755,72.9253088599,169.928738695,118.822189364
2020-12-01,101.98722054,87.8754775999,107.641476447,90.7137243956,93.7629710023,70.2390681441,87.8026346989,73.8661035161,168.546957899,117.676257669
2020-12-02,102.137386347,87.8832368812,107.914864053,90.9231191917,93.5096147151,70.6206568702,87.7992654105,74.3775155723,169.530029652,118.315438719
2020-12-03,102.578838944,88.409334299,107.507459425,91.9737006155,93.2689264726,71.0957588645,86.4681035092,75.4729424376,168.782538316,116.829118663
2020-12-04,102.328070531,88.3287599524,106.708065975,92.8162197412,93.2964937108,70.9907640957,86.1005767487,75.4720942002,167.294783763,117.875508854
2020-12-07,102.946073968,88.9043235252,106.611081971,92.0988446928,93.4468373143,71.3511613489,85.8697753673,77.0848554481,166.515655526,117.575420194
2020-12-08,103.519358929,89.4430341294,107.653364364,92.860757143,92.3753858548,71.4019015415,86.3686778296,77.2975741367,166.152652066,116.060298169
2020-12-09,103.609832111,89.3067527941,107.999173087,92.7591065349,92.5895850429,71.2808035643,86.2524799602,76.8477567038,165.488387748,116.845373125
2020-12-10,103.359905458,88.8940691357,108.134784933,91.555682439,93.7442367381,71.0570497804,86.8862390881,76.8713152726,166.589099719,118.437525642
2020-12-11,103.651777496,88.859356393,107.980866294,90.9678098752,94.108024855,71.3152615889,86.1762794948,78.081599137,164.57102225,118.693016758
2020-12-14,104.110689912,89.1874682716,107.646922562,91.754068796,93.8363672002,71.395456909,85.7861409254,78.1103005094,163.683127917,118.785313578
2020-12-15,104.520837893,90.0641858253,108.229459819,91.9509966413,93.7869019717,71.5733969854,85.423116756,78.8125989584,159.67496731,117.258578741
2020-12-16,104.887820367,90.2889052666,108.095391087,92.3060926977,93.2301949546,71.7263600764,85.7319642734,79.0160586167,157.39156512,116.697610868
2020-12-17,105.119238921,90.5856803653,107.539255454,93.310237976,93.2383543566,71.9812514491,84.991772604,79.8509401765,154.392114391,116.458073135
2020-12-18,105.339308449,90.6177649333,107.100979596,93.7298829202,93.519705545,72.1912051129,84.8251593369,80.5083016862,152.995669844,115.940208044
2020-12-21,105.877842651,91.2471019372,107.484932274,93.512779881,93.0106535425,71.9382692682,85.5451360578,79.5443467269,155.310265777,116.847580785
2020-12-22,105.994154267,91.0034966776,108.039553783,92.5560749224,93.9526301419,72.2743387067,85.4539587719,80.2360049188,154.587729631,117.137423361
2020-12-23,106.178753863,91.1747195211,107.960270954,93.258279763,93.370081139,72.7166305646,85.7959445677,79.3200857203,155.442544085,117.584571777
2020-12-24,105.616769909,90.3926116569,107.013226725,93.7453943623,93.1261296477,72.1607940491,85.8525247118,78.8752488086,154.412376948,117.769386968
2020-12-25,105.233852294,90.7074841557,106.659278393,93.7860517946,93.7258984997,72.4352960304,85.1212335476,79.575951648,151.75555718,117.159346342
2020-12-28,105.476695315,90.9248525285,106.917791984,94.332585104,93.5032037068,73.1035276988,85.1893984218,80.2747842558,151.44234572,116.323901724
2020-12-29,105.927916354,91.4246227436,107.061091821,94.0002658085,93.278216754,73.1345020254,85.5477731896,78.666569269,151.794299593,117.856457514
2020-12-30,105.950591507,91.2319871207,107.026499367,94.0882780625,92.8823069457,72.8290820619,85.2063273588,77.2289528024,151.013887875,118.683310785
2020-12-31,105.703061803,91.4000766557,107.429669423,93.8585247393,93.251655836,73.0056397834,84.8579529999,78.5205001521,151.419820029,119.51318713
2021-01-01,105.567302527,91.6700210687,107.678667274,94.2198435742,92.6595916027,72.9500768741,85.1760699981,78.8597306,149.357471134,118.09000111
2021-01-04,105.624956683,91.3449904273,107.698802731,93.9942727111,92.0144476886,73.0617270938,85.4982751452,78.0273461794,150.016989308,119.407802847
2021-01-05,105.037879042,91.0866034225,106.721460557,94.3755919718,92.4786281584,72.5993414458,85.2550019229,77.4971849221,149.581554545,119.187875198
2021-01-06,105.668965065,91.9197367858,107.021015449,95.1184181421,92.0823741518,73.0383889192,85.136099903,78.9997153944,147.307148083,117.393692723
2021-01-07,105.300153078,91.5003539583,107.270091291,95.2047713802,92.4085175596,72.7199483631,85.2498166036,78.7914474361,146.154225982,118.254492092
2021-01-08,106.327049586,91.9167919589,108.043162738,95.6281174063,91.7626674379,73.5020799267,84.5542227438,78.9260092129,144.243384857,116.745070302
2021-01-11,105.515305994,91.5545661368,107.321336372,95.2390263787,92.6255319662,73.4519418167,84.4237464486,79.6246929985,143.688391973,116.779948845
2021-01-12,105.329631701,91.3226301826,107.059492154,95.2363117484,92.7611508603,73.3923974536,84.2830121599,79.817322517,142.739146152,118.250275935
2021-01-13,105.901849956,91.2023150239,107.741573505,94.6103580048,92.2267054252,73.2206782766,84.8090099332,79.1034534111,145.96338157,117.737776099
2021-01-14,105.829665928,91.3295989639,108.107938957,94.047084435,92.7034813884,73.4452219263,84.6915884022,78.9147619595,146.033678907,117.532381664
2021-01-15,106.074880731,91.6215492758,108.1510612,94.1651684516,93.1083459877,73.5473671225,84.701954175,79.6123521829,145.770002711,116.902722073
2021-01-18,105.40932186,91.1157707925,107.430687833,93.7344743672,93.7464099114,73.3933103665,84.0832217178,79.5492243481,144.795861115,117.539500949
2021-01-19,104.925633067,90.4382293963,107.560624082,92.694874575,94.2803522572,73.2120940685,84.0026573555,79.8500917824,145.931166684,116.982230894
2021-01-20,105.451132542,89.8814311942,108.388103218,91.9060190143,94.397954114,73.059984579,84.8524706289,79.3877678579,147.710379009,116.927871333
2021-01-21,105.457778386,90.0923393652,108.636846884,90.8969910613,94.8657160351,72.9651394892,84.8656204564,79.7140435063,147.466736369,116.748429498
2021-01-22,105.419461453,89.579241605,108.275658592,90.4597977091,95.3296483678,72.4531571865,85.1105149696,79.2983689713,146.464107603,118.713732684
2021-01-25,105.655049782,89.3030534219,107.891050489,90.2988790726,95.2681017921,72.7378574301,84.8906215477,80.2814390691,145.308432551,118.731360937
2021-01-26,105.827853338,89.2709140622,107.774551552,91.0750201968,95.023263958,72.5143100923,84.2649212457,80.6541190569,145.018347865,119.241829879
2021-01-27,105.458133022,88.4036695049,106.704663749,91.5397300306,95.2128330311,72.1079764161,84.6693914042,78.810429928,146.043525792,121.399443966
2021-01-28,105.635105551,87.9816836152,106.317988426,91.149256817,94.8075653912,72.1925704812,85.0878915281,76.9246950249,148.488879981,122.287853991
2021-01-29,105.180370804,87.9919354375,106.694686206,90.9284078873,95.1683687663,72.1697393959,84.2848269986,77.6446747506,147.376790925,121.686006462
2021-02-01,104.967012615,87.6489146788,105.638023704,90.0886765709,95.7231431181,72.2292895252,84.3662149047,78.5397335564,146.391769898,122.281232452
2021-02-02,105.133289543,87.9480781114,106.074864234,89.5477218816,95.9828103169,72.3297176327,85.0791967372,77.7678837365,149.919566679,121.943520645
2021-02-03,105.355253858,87.8155503109,106.227816894,88.6967932074,96.3608828025,71.8822004734,85.4069102499,76.7102783949,152.518705889,123.90067912
2021-02-04,105.477434434,87.893794176,106.216387894,88.8097084473,95.8263593087,71.9245464519,85.7342489443,76.5479331067,153.804639105,124.275563067
2021-02-05,105.519142775,88.2870172598,106.39551442,89.2046892585,96.2495915448,72.122419114,85.3816591744,78.18364706,151.025247695,122.908956839
2021-02-08,105.350046992,88.5428150656,106.102674597,89.0421544262,96.9170936931,72.3696103386,85.350909472,79.4822847454,151.098485102,123.351300971
2021-02-09,104.690944706,88.2720282884,105.280863401,89.4888991049,96.4182174818,71.9327591111,85.5418907286,78.5196088825,150.505252184,122.891381371
2021-02-10,105.153121806,88.2495831466,105.022647953,89.48037404,96.8422089376,71.9203159803,84.8046763036,79.0919419082,149.874618142,123.078084564
2021-02-11,104.606683317,87.940660269,104.813354278,89.1962097666,97.0755601065,72.1305646092,84.2492987986,78.8896347085,148.484001352,122.84789167
2021-02-12,104.458247287,87.6804504217,104.971544198,89.4179831672,96.9204781264,72.0179630188,84.1820813453,78.8025361121,148.045473426,123.699654873
2021-02-15,104.165304818,87.3002697108,104.762301381,89.8090413016,96.9996144517,72.1010641522,84.1444712822,79.1328127395,146.78355653,124.99540138
2021-02-16,105.319728605,88.1419207452,105.699563559,89.0908638355,96.8843296959,72.5523471967,84.2609725756,79.3511327063,146.998781988,125.004255619
2021-02-17,105.777261536,88.4672926065,105.871556507,89.1442094236,95.9828818385,72.3978575516,84.1113740495,78.8588313046,147.702731987,125.194575063
2021-02-18,105.618850896,88.707502492,105.40293053,89.3526973884,95.7860127177,72.4516923061,84.2374263588,78.3426923138,146.802601259,124.829976791
2021-02-19,105.747909984,88.1854083222,105.762514397,89.5990519914,95.814244438,72.3679404385,84.6670304762,79.4759245561,145.629876044,124.761999999
2021-02-22,105.261667354,87.5801896821,105.402678251,88.8703855021,96.4741610184,71.8168240948,84.7666871372,77.4568553703,148.024687237,125.586229389
2021-02-23,104.804457769,86.6172086421,105.31592918,88.2282192856,96.9717978696,71.3962935427,85.3982245909,77.0866208727,150.074782192,126.870297645
2021-02-24,104.645785393,86.0577460083,105.067310733,88.3817193334,97.4248647956,71.110142237,85.4011962655,76.2470004248,151.865016277,128.674187393
2021-02-25,104.445342963,86.0109260469,104.548929475,89.1789191407,97.0720779411,71.3794916134,85.337583678,76.3794549248,152.161800108,127.248827221
2021-02-26,104.790211321,85.9912371421,103.882441163,89.3979730794,97.3489064827,71.2059512154,85.1267367505,75.4443197601,154.977176829,126.892213855
2021-03-01,104.645071713,86.1364981224,103.375364443,89.3210150418,97.2635110309,71.2683332608,85.1523022402,75.0202261951,155.392696806,126.835023516
2021-03-02,104.406044807,85.7492689089,103.347974442,88.3550135667,98.0223540709,71.3344544357,84.9505803482,74.5704234266,155.673340027,128.816949249
2021-03-03,104.493608336,86.0869061959,103.72049646,88.1934667782,98.1520622279,71.9844545343,84.8485046562,76.1552340125,154.615399374,128.694225823
2021-03-04,104.54214296,86.2127040688,104.195865303,88.6828031583,98.0811724703,71.9949981605,85.0267881321,76.758325852,153.515877454,129.356947077
2021-03-05,104.360337563,86.3176447914,104.111877441,88.7800013063,97.8114063501,72.1512325488,85.0865119937,76.8656290477,155.238444038,129.146136246
2021-03-08,104.819054494,86.7762666191,104.363336106,89.7775001235,97.3788151909,72.303743876,85.7130986998,77.0015813585,153.503417391,127.930473512
2021-03-09,104.832120466,86.5389311147,104.596996103,89.426948169,97.8217480607,72.6766052534,85.8969406762,77.2500501578,153.936514356,128.55587752
2021-03-10,104.756665247,86.8393053988,103.934914569,90.2612371826,98.4607110949,73.0179849915,85.1132372121,78.4121475192,150.837228338,127.632661768
2021-03-11,104.744439326,86.5157304237,104.37419765,89.5129541202,98.7107819466,72.6575208194,85.1874620488,77.8616294297,153.645269665,129.788072039
2021-03-12,105.426001798,87.0008682319,104.301968469,89.658688949,98.2452945198,73.3303640571,84.6258912478,78.5081978253,152.681757018,129.099575011
2021-03-15,106.012638794,87.7567772153,104.627741852,89.963932527,98.0148448977,73.8249520529,84.7927156281,79.6853632932,151.047043871,128.05333582
2021-03-16,106.680172529,87.9972073625,104.52570143,90.6125461137,97.4764993096,73.8786388566,85.1641582341,79.7272666583,150.254013772,126.772672433
2021-03-17,106.930613112,87.91974819,105.065322945,90.4136645432,97.5541942194,73.8252352704,86.1497911588,78.7075906162,149.701031633,127.867895568
2021-03-18,107.724803819,88.6210049644,105.787940265,90.4816764438,97.4431018655,74.1288037646,86.4128499488,79.9320763003,150.473812113,128.13141222
2021-03-19,107.827879838,88.260029318,106.47166198,89.9979034183,97.6484279744,74.0665124884,86.316810901,80.2896040278,150.891781227,128.601427669
2021-03-22,108.180395431,88.5147326799,106.592576797,89.9644023199,97.0140542535,74.5280986861,86.6420210179,78.6228199365,153.962592567,128.723748908
2021-03-23,108.159693928,88.4846664087,106.187806124,90.7653469644,96.8467630746,74.179747378,86.7157475126,79.1159204218,153.951388133,127.968155544
2021-03-24,107.670807713,88.1762847555,106.381714987,91.1816043295,96.43874768,74.2064437901,86.5751970527,78.9617503731,152.290845875,127.240124619
2021-03-25,107.925578181,88.2707698985,106.569737791,91.2019983458,96.6410790428,74.1742038386,86.4170333255,79.781866345,153.137854665,126.376621064
2021-03-26,107.822915699,88.5289565066,107.09546652,91.884728233,96.4198086611,74.4810430429,86.3329093348,80.380435726,153.414437677,125.444046768
2021-03-29,108.005547218,88.8312461657,107.12627773,91.8415921172,96.0198696419,74.6509113508,86.436955666,79.9487718552,153.212079031,125.517155681
2021-03-30,108.027815731,88.8343020913,106.708867529,91.9616752632,95.9366315074,74.3673004705,85.7513742314,80.042104701,154.680051211,125.810936843
2021-03-31,108.370631062,89.2145075453,106.860916422,91.991030888,95.7739513875,74.5824582363,86.2294158196,80.2265331316,155.793924154,125.819172582
2021-04-01,108.544333888,89.9296589401,107.503559109,92.3484164493,95.6579564376,75.1585140081,86.1594519831,80.400569554,153.536390696,125.912169595
2021-04-02,108.27075224,89.9902927014,107.128448261,92.7158065877,95.8235365325,75.6238788141,85.8303598488,81.0021354811,152.117429969,126.162149978
2021-04-05,108.454804714,90.0582230301,107.333377402,92.0994580368,95.6170561513,75.7149676984,85.9736590735,81.881538937,152.585158529,126.74674004
2021-04-06,107.80015553,89.6963754298,107.323468787,92.2500629761,95.5244718234,75.7233182968,85.7637621124,81.2007006237,153.093637511,127.095507909
2021-04-07,107.315948149,89.2850912715,106.646644413,92.3249846059,95.8594331042,75.557016994,86.0717406282,81.1001998019,152.484914397,126.389238292
2021-04-08,106.766763973,88.9691413007,106.093858398,92.8387155,96.2448807273,75.9880507272,85.5464320241,82.0467201019,152.979173529,126.297121543
2021-04-09,107.161342481,89.5245163626,106.291208848,92.8014959255,95.9722235162,75.6280534779,85.6176135043,81.9186970905,152.090258024,126.28749032
2021-04-12,107.114981192,90.0920446626,106.616651294,92.9486335724,95.7789718621,75.6468050157,85.7863659315,82.5475519638,151.723753151,126.051465202
2021-04-13,106.811799402,89.6060185258,106.800402908,93.2114629392,95.7383173353,75.6911005712,86.1827607023,83.1154400037,150.928332774,125.200964645
2021-04-14,106.221213059,89.4423630439,107.042849899,93.2374578873,95.8409595309,75.5690109918,85.6858288144,83.6112334767,148.584930736,125.820828836
2021-04-15,106.346350588,90.2967319186,106.715999326,93.8584609852,95.9833168336,75.6115857526,85.4945153556,83.347899902,147.591261616,125.526502777
2021-04-16,106.346009988,89.848245704,107.435664272,93.861287075,95.9159278248,75.4157896891,85.4602955252,82.9344031046,147.89617041,125.592268316
2021-04-19,106.420576366,89.9447278302,107.51383399,94.1482757858,96.0060993713,75.420697968,85.6325117191,83.4297271364,146.933566137,125.310499059
2021-04-20,106.24731863,89.887916194,107.324844386,94.2325924432,96.1506611611,75.5398676267,86.251141197,83.028642859,147.343365694,124.196397149
2021-04-21,106.53775003,89.636569561,107.063405835,94.3961937785,96.0139600264,75.5027834094,85.9720152122,83.7360443362,146.100404873,123.946183366
2021-04-22,106.507757158,89.981685031,107.318602792,94.1954044877,96.1306338025,75.4506545138,85.9888752086,83.4345792624,146.123173143,125.272651899
2021-04-23,106.665256304,90.0089489104,107.405107488,93.6976957214,96.6592840603,75.737549527,85.4416335497,83.6792655974,145.392260228,125.592717936
2021-04-26,106.478913565,90.3366189982,107.40326828,93.5584344075,96.34322816,76.0907533758,85.0620624953,82.911878667,146.83178245,125.771486244
2021-04-27,106.18107421,90.5894603334,107.584401644,93.8981149691,96.1597459941,75.9707093405,85.0714431674,82.3188670889,147.621256586,126.752413096
2021-04-28,105.805415089,90.476209767,107.655666042,94.6395915514,96.5095162723,75.3646746984,84.8967133114,82.1943500171,147.147701842,128.080878768
2021-04-29,106.460295377,90.4589896702,107.823353178,94.3839777561,96.3987733052,75.4789265993,85.3058953108,82.0101385971,144.983759802,126.873675217
2021-04-30,106.400069453,90.3354672586,108.077109707,93.9096292598,96.0731616908,75.2803691824,85.058780818,81.5722563175,145.12184023,127.352826043
2021-05-03,106.136734075,90.2051803524,107.83230346,94.2435321954,95.8834576628,75.4303664039,84.7110772248,81.1494893238,145.088161052,126.708494875
2021-05-04,105.838356576,90.4744963958,107.287615646,94.4317879308,95.5813500855,74.9008591286,84.378041585,80.5918818646,144.77115806,126.807173418
2021-05-05,105.323583696,90.1018522518,107.448848088,93.8117570796,95.6782373985,74.8140460479,84.206306369,80.4645071479,144.000676741,127.71722411
2021-05-06,105.431929117,90.1436363453,107.774166246,93.8869912078,95.3989904212,75.1077111616,84.9555568935,79.9423437332,144.120536208,128.341873595
2021-05-07,105.697131335,90.4475191626,108.282735007,93.5601185267,95.4122526148,75.2066632782,84.6481244884,79.4675209772,144.097009209,128.830066496
2021-05-10,106.21721951,90.8445531322,108.63937137,93.6208740866,95.3193916595,75.4326544136,84.9430068323,78.8524402853,143.785915085,128.022917749
2021-05-11,106.518677615,91.4433734201,107.907667388,94.2452450825,95.3188828593,75.829918475,84.9455132964,79.9504839734,143.189525048,126.895516901
2021-05-12,106.350957349,91.4815522956,107.732891212,94.4412105796,95.377356779,75.6130524443,84.4907602331,79.7102030144,143.269469653,125.854542651
2021-05-13,105.985240673,90.813937553,107.406092238,94.7697170973,95.1898171812,75.6791157084,85.5655841601,80.2670261567,143.313869452,126.521576825
2021-05-14,105.893203268,90.6158062964,107.542577721,95.0141040604,95.2222307173,75.6875580517,85.6782038489,80.406794053,143.297700029,126.216562538
2021-05-17,105.662005067,90.6821974979,107.552087073,95.0307785035,95.2874234607,75.8909842533,85.9754451298,79.7493359142,143.52917255,125.7127747
2021-05-18,105.788087947,90.4679882965,108.034574737,95.1697652575,95.458713177,76.128505942,85.9979045575,79.3390520232,145.406053411,125.66384861
2021-05-19,105.321464831,90.7040866333,107.904206747,95.816122062,95.4282639057,76.064949339,86.5315390474,78.5248557894,144.744505091,125.14583374
2021-05-20,105.084720324,91.1445609401,107.990532781,95.8788865015,95.484578972,76.4023157698,86.4130228299,78.4454369639,144.907132996,125.476148342
2021-05-21,105.470441113,91.1117078924,107.964005195,95.6235044737,95.1830556513,76.4527206032,86.6527462084,77.9429820297,146.256591002,125.802962625
2021-05-24,106.178292812,91.4378815125,108.680813261,95.2405441617,94.8246977556,76.5645999314,87.092514888,78.3811542965,147.479888394,124.256335786
2021-05-25,106.383119304,91.4234851227,108.095426889,95.4780256391,94.8185979702,76.5277977118,87.5664467557,78.2434629833,146.584514469,124.346016235
2021-05-26,105.954630769,91.5569616827,108.486722745,95.2649820664,94.5736025073,76.2271214501,87.4652058905,78.1307212266,146.576131787,124.816684436
2021-05-27,106.070647377,91.6661693248,108.034088815,95.5552696776,94.896220994,76.4012894762,87.5392428717,77.2988330421,146.35194069,124.500712196
2021-05-28,106.001214402,91.8312328955,108.380871523,95.4839330568,94.8845455502,76.3047514289,87.3045491076,77.4715868705,146.77412882,124.682852071
2021-05-31,106.039461653,91.9311175047,108.530751695,95.2979961363,95.0701167663,76.2863216882,87.1903346803,77.3619875861,147.31598778,125.420951124
2021-06-01,105.946397622,92.4605758244,108.591570243,95.3838547237,94.7321200261,76.1347475681,86.501076445,77.6429229631,149.021661052,124.302075727
2021-06-02,105.807258569,92.7409568779,108.667146825,95.5275941721,94.7329261537,76.0739259972,86.4082996304,76.7439185284,148.005664281,124.762809607
2021-06-03,106.395747991,93.2813238497,108.98870999,95.0024211743,94.3201063198,76.447860628,87.3000974574,77.0255590488,148.617103159,123.959100383
2021-06-04,106.507554557,93.4268699858,109.506593659,95.2370850668,94.161339188,76.5500615132,87.4626219107,77.3217941852,148.009219822,123.202545581
2021-06-07,107.012296022,92.9932458063,110.164797674,94.6319080379,93.940537828,76.7556721627,87.6931308824,76.4121405293,149.143319544,123.352429518
2021-06-08,106.945468574,92.7175994837,110.23389609,94.2176503619,94.6440230012,76.6298378717,87.6485392146,76.0899346211,150.944083845,122.657579285
2021-06-09,107.22464037,92.6357176654,110.018167468,93.664555472,94.7432109751,76.3789524893,88.0295686425,76.5857010952,151.974688466,122.04384515
2021-06-10,106.815152263,92.4020574967,109.768652716,93.7383911545,94.8729173238,76.6692193194,88.0327204358,75.8675678688,153.025114861,122.927818864
2021-06-11,107.178848146,92.6227832264,110.143974864,93.7910907428,94.2564947262,77.0578249747,88.3805281371,76.8122922707,152.212997997,122.711482559
2021-06-14,107.277266034,92.6528704651,110.183154125,93.8522892185,94.2037792554,77.2078062842,88.9824351131,76.2639339743,152.403722678,122.522355867
2021-06-15,107.287769535,92.30935412,110.36648624,93.7639092546,94.2875009809,77.342754794,89.1623339556,77.1925766205,151.928405726,121.810513655
2021-06-16,107.503510959,92.9877649823,110.171577219,93.8942744532,94.442479613,76.8694565206,89.4048700075,77.5504554674,151.863975286,121.309277302
2021-06-17,107.368202582,92.7829608243,110.235685044,93.3320112316,94.6564459972,77.144306751,88.9989210802,76.8483031888,153.137649306,121.436331992
2021-06-18,107.263252674,92.7797247501,110.305674569,93.2286606927,94.8395223074,76.9507564425,88.7988661392,76.0687246904,153.828689996,121.297124634
2021-06-21,107.398049363,92.8210577414,110.506222917,93.0603682758,95.0473214474,76.6431530578,88.3664147946,75.9577888901,153.468898683,122.210970696
2021-06-22,107.520947718,92.6606968571,110.439753358,93.1133794018,95.0340302441,76.7461472612,88.3834022293,75.4150364752,151.61659685,121.982365074
2021-06-23,107.84866418,92.6467711813,111.007445766,92.9004302156,95.4034729759,77.1449771907,88.9104851649,75.0397699601,151.789443761,122.601420166
2021-06-24,108.135111819,92.8697139509,110.823938996,93.0071318399,95.3322452298,76.7310882166,88.8773455551,74.1466549598,151.157694383,123.970336814
2021-06-25,107.909886815,92.3398717771,110.757238501,92.7780477577,95.5542030691,76.3407471305,89.0888581963,73.3469959535,153.652334622,124.467393224
2021-06-28,107.879126305,92.3016158916,110.497884405,92.8935568147,95.1145187006,76.7189693058,88.9070266873,72.1362125258,152.981300344,124.938153039
2021-06-29,107.583425547,92.1220953165,110.768344108,92.604416143,95.6002013208,76.5200788188,88.9819310478,72.2961996558,152.150245281,125.502852757
2021-06-30,107.689960764,92.000477827,110.564937403,92.9682865665,95.750371149,76.3318763748,88.7312213487,72.5688676766,152.385977075,125.533222935
2021-07-01,107.570388533,92.0871841494,110.472099271,93.2675019099,96.309184998,76.5812986474,89.0359267881,73.1377277524,151.91087811,125.972994944
2021-07-02,108.100260949,92.5011731273,110.89642396,93.5158796671,96.2286210429,76.7370470151,88.9770681221,73.2931386232,150.264825162,126.560339007
2021-07-05,107.645427742,92.3786794292,110.430865115,93.4355329795,96.3686952941,76.3686035932,88.9988755661,73.158899615,149.555985345,126.858146583
2021-07-06,108.109332478,92.3671390933,110.260047388,93.5509262876,96.2782851176,76.895033571,88.5959077017,73.0473699417,150.656828813,127.717823914
2021-07-07,107.850336878,92.2263168491,110.343876429,93.5583558599,96.069208399,77.0124173112,89.1927400426,72.6117836909,151.606666827,127.313560856
2021-07-08,107.831319907,92.5024423943,110.447079631,93.2758536994,96.4493840162,76.8709601151,89.4689131484,72.4891723364,152.427597058,126.785150259
2021-07-09,107.763581446,92.2326812397,110.629322566,92.7364735086,96.3903028947,76.7228039179,90.1557645251,72.3438445125,151.377796315,126.843808795
2021-07-12,108.308839183,92.349150665,110.661700252,93.125141665,96.5626079191,76.993851373,89.7896584958,72.8208312865,149.892066968,126.300367033
2021-07-13,108.507271044,92.4742048707,110.747931384,92.5039633581,96.4686907631,76.6181989479,89.8206221583,72.0585542395,150.056648097,127.574980149
2021-07-14,108.773845534,92.5847953772,110.578873194,92.0398258607,96.1333948282,76.1946155004,90.001161439,72.116764356,149.71541448,127.678013006
2021-07-15,108.866972714,93.0302116881,110.533376196,92.3530732007,96.3153695628,76.4902538557,88.866123154,72.800154048,148.626654007,127.368630214
2021-07-16,108.967819492,93.3206667559,110.296090774,92.4166307969,96.3305038264,76.7414959194,88.9684245389,72.9267596803,148.900610552,127.675264432
2021-07-19,109.182231101,93.3758722185,110.547216384,92.5885949727,96.9729815685,77.0000792705,88.9799285002,72.4105239512,148.875717275,127.603948426
2021-07-20,109.861416611,93.5603561596,111.232235822,92.270275435,96.3130261712,77.2703959977,88.7582603485,72.056896628,148.71295606,126.847561837
2021-07-21,109.959473792,93.4770537297,111.195783686,92.1249945287,96.7411161689,77.8387324029,88.7297531528,72.5821936018,148.15473299,126.998284025
2021-07-22,109.967616919,93.8401990318,110.561743373,92.1951535771,96.8988206273,77.8792992178,88.154058913,72.2802263153,148.268004877,126.530537026
2021-07-23,109.585104964,94.1351072457,110.752574547,92.1762215283,96.6518627131,77.9069951728,88.705676323,71.6678956454,147.093685273,126.149566914
2021-07-26,109.553850772,93.9392498407,110.951886683,92.3234995073,96.7595262218,77.9940850614,88.9055734564,71.5412245145,146.354525658,125.737374712
2021-07-27,109.484446199,94.0554555994,111.21443501,91.9444902462,96.634102745,77.8606691869,88.5960876586,71.2339468729,145.941056271,125.963177801
2021-07-28,109.382848447,94.3214265523,111.003823359,92.0553533137,97.0557234505,77.4611966767,89.0251045813,72.0547212066,146.11131802,125.684262045
2021-07-29,109.887376572,94.3312403287,110.896648558,91.9281146812,96.9553941111,77.3191942511,89.4987887841,71.9488231375,145.956630841,124.84304367
2021-07-30,109.780417249,93.9780169657,110.501328225,91.9119916584,97.3608860953,77.450980111,89.6081496896,72.0875131942,145.3356405,125.267867104
2021-08-02,109.776082782,94.2130462558,110.995051174,91.5605851142,97.1824382361,77.2896705966,89.1359287968,71.7442139165,146.806356807,124.817921749
2021-08-03,110.184675991,94.1323864146,111.550326297,91.6514000034,96.8215628148,76.9398622736,88.9772930568,71.833668541,147.704910455,125.357948582
2021-08-04,109.847931285,94.2258104342,111.345090213,91.1711062884,96.9698503764,76.9251413243,89.1530068553,71.9635498688,148.788019752,126.288988821
2021-08-05,109.442785399,94.5279656856,111.853171091,91.0537441283,96.6081629958,76.4285596842,89.0153689467,72.6010106544,149.034570689,126.126777344
2021-08-06,109.234281439,94.0702753548,112.109721383,90.9514995233,97.073459993,76.4455730529,89.5825049699,72.1080310624,148.835811708,125.893124126
2021-08-09,109.063617852,94.5167671677,112.099256182,91.2341858683,97.0365864971,76.5818233629,88.9675987677,72.5537504256,148.339424784,126.10102268
2021-08-10,108.586750901,94.5390682743,112.382006694,91.4078520006,97.3636418031,76.6327673214,89.6682482704,72.7396569048,148.473255932,126.189510789
2021-08-11,108.179816271,94.0831425086,112.620111362,91.253099786,97.6192387805,76.6142813487,90.0570886637,72.3983004611,147.859238873,126.534345433
2021-08-12,108.508146969,94.0479177759,113.346147719,91.2813161058,96.9137928396,76.7029494344,90.8204754089,71.3076236755,149.280622965,125.8188219
2021-08-13,109.077017884,94.1972727226,114.295554001,91.094170756,96.7387509051,76.9995934243,90.912907992,71.8716586016,149.543242062,125.506242602
2021-08-16,108.890648174,94.2033543739,114.64399332,90.7932415827,96.984526482,77.1456756659,90.8535847932,72.5668325491,148.254819975,125.10474468
2021-08-17,109.227115973,94.727324346,115.291087719,90.8945675744,97.0680157653,77.4184862722,91.3913330381,72.7615513655,148.79703051,125.279741495
2021-08-18,109.61875545,94.646249565,115.356607872,90.758535301,96.6755571087,77.090871668,91.273494662,72.7386967938,149.029123548,125.427377609
2021-08-19,109.926928574,94.8075366216,115.236652295,90.9848289219,96.5677069583,77.2125483874,91.133285947,72.7632114675,148.393776348,124.887831895
2021-08-20,109.685803908,94.8014884211,115.299251055,91.1753041726,96.9941880137,77.5937881508,91.4832424497,72.7509240279,148.322262347,125.551067797
2021-08-23,109.42455635,94.442690391,115.660955389,91.0776582598,97.1408050726,77.3967310704,91.8361913244,73.4819368397,148.232188079,126.084116612
2021-08-24,109.461017214,95.1816733727,115.844539784,91.1247899429,97.1195513111,77.5396297484,91.4918256461,73.1858404763,147.858061526,125.141191501
2021-08-25,108.833418193,95.159463553,115.713154857,90.8523057062,96.5497855961,77.4545172501,91.2838907258,73.3591164679,147.685811283,125.735844396
2021-08-26,108.967825614,95.4199970624,116.025941063,90.674321412,96.6310768649,77.7138269222,91.1187364283,72.9471405341,148.187386485,125.039004449
2021-08-27,108.471044967,95.0705468554,116.101139109,90.5631826991,97.1700194235,77.3323983852,90.6248455272,73.2130537438,147.484608901,124.943518569
2021-08-30,107.889652972,95.1954699991,116.349069104,90.8095649473,97.0667370383,77.2410533224,89.7611031656,72.5483781399,146.810652667,124.70012985
2021-08-31,107.792177989,95.6374077878,115.790433592,90.8562671604,97.0023112134,76.8891828797,89.5550936262,72.8395596634,144.830550043,124.673110592
2021-09-01,107.481775334,95.5971588395,116.128227465,91.0129851323,96.8472802012,76.5857161122,89.7811649848,72.6061908061,145.763152791,124.750874873
2021-09-02,107.358743538,94.9989898206,115.843749466,91.0195730866,97.0944495958,76.2896031354,90.7059885387,72.2299422988,146.346472567,124.537906777
2021-09-03,107.696948112,95.0074852343,116.42490433,91.1267596311,96.9243767721,75.7039775442,89.6434964759,72.2260662165,147.539195845,124.92789451
2021-09-06,107.252543533,94.8882821425,116.447249536,91.1986408857,97.164444237,75.8363553384,89.5613184075,72.7378689357,147.910711643,124.467524143
2021-09-07,107.726433773,95.3514021078,116.613458855,91.3798087811,97.5221832973,75.5228198333,90.0264528726,72.7976211986,148.361484597,124.339235647
2021-09-08,107.635238213,95.3939547809,117.063768542,91.3033433075,97.3092167913,75.5262349455,90.3490255975,73.7032642484,146.818357391,125.534999872
2021-09-09,107.799523565,95.607927523,117.00466185,91.3053698485,97.2805334377,75.2596093,90.0446240553,74.1417153933,145.897022438,125.722297525
2021-09-10,107.625544313,95.2902711476,117.56073451,91.0295846174,97.1523733577,75.1749974256,89.6685558488,74.2116798886,145.932343326,125.925481907
2021-09-13,107.555378761,95.025957455,117.750630169,90.9211964272,97.0668147743,75.5029279207,89.7224781519,74.4653080832,147.092963164,126.70261431
2021-09-14,107.533169327,94.9442266845,117.560115893,91.0627153692,96.5105428111,75.6109927915,89.7323264754,74.726978743,146.807244397,127.082221848
2021-09-15,107.013730707,94.5622495798,116.727189703,91.1826424951,96.2536295304,75.2152539612,89.8820936431,74.335721176,145.869190766,128.419330923
2021-09-16,106.751263467,94.1496015943,116.334750979,91.3456803498,96.1667072073,75.407175696,89.8018771918,74.8346527242,145.564038179,128.765962626
2021-09-17,106.966246446,94.4704897582,116.673377545,91.3325045209,96.286082693,74.7483858997,89.5642507713,75.5536538861,145.767433797,128.666911634
2021-09-20,107.40688331,94.3336984257,116.526356804,91.0884145884,96.1856046191,74.9421151594,89.6986439263,75.9364980858,145.43183365,128.710646193
2021-09-21,106.785478783,94.4953517225,116.449902424,91.157651509,95.9875477034,74.8912401758,90.4157045638,75.489164649,145.443580315,128.057356588
2021-09-22,106.234703353,94.4105562775,116.138846012,91.3186381211,96.3576558291,74.6718918153,90.487938855,75.6678438218,144.534568399,128.292467671
2021-09-23,106.651244813,94.8463187526,116.366464318,91.5961711982,95.8722156562,74.5478247076,89.9325047235,74.9087326124,146.006504893,126.947213216
2021-09-24,107.142811297,94.7263437904,116.838805928,91.0400660009,95.8501034032,75.0937476797,90.322814311,74.9148664906,144.751090402,126.255536649
2021-09-27,107.241126539,94.4084002929,116.67858169,91.057629884,95.6446887371,74.9514735352,90.1829052742,74.717838791,144.579872729,125.789722398
2021-09-28,107.340686603,94.7560458178,116.889184471,91.1475283087,95.7420232907,75.081577672,90.188588103,74.7094446815,145.121548498,125.728695278
2021-09-29,106.910641163,94.1578176617,117.033429918,91.013009146,95.8504910086,75.516277613,90.6105632701,75.029885874,144.962356035,126.511279456
2021-09-30,107.145663863,94.4936487912,117.686971962,91.1026459285,95.741130604,75.5326765469,90.8976814805,75.2000548462,145.245621325,125.412431127
2021-10-01,107.052589928,93.9826064542,117.854980979,90.7473659179,95.8501186736,75.0094370693,90.8053783867,74.9459622873,145.371405093,125.812765213
2021-10-04,107.417256988,94.5085097302,118.038450572,90.591312766,95.8067231951,74.4884413176,90.4204660544,74.7371810208,145.292312993,125.002671828
2021-10-05,108.019972201,94.8679340629,118.255072285,90.5723538844,95.5620123485,74.927787747,90.3176754283,75.1215913168,144.746809541,124.743336611
2021-10-06,108.276610129,95.1515366284,118.599557275,90.6302153159,95.6335265016,74.7769250365,89.4388860558,74.6082043566,144.564980475,124.727888236
2021-10-07,109.011998397,95.7547999941,118.616550875,90.7973370093,95.4000811919,75.3004850048,89.7924819098,75.4753215531,144.074355046,124.918227249
2021-10-08,108.728297211,96.2024332499,118.805766211,90.6080794879,94.9836098239,75.3751663065,90.456362654,75.602665041,144.499068949,124.846112607
2021-10-11,108.868122151,95.953696063,118.563422854,90.2781426627,95.5560575381,75.1505170877,90.764933333,75.8830233712,146.202403787,125.708147031
2021-10-12,108.771551915,96.056496453,118.642954504,89.9784099351,95.6928935444,75.0044960878,90.4480297711,75.7462481944,145.022403574,124.927211301
2021-10-13,109.191591756,96.2631199831,117.947719021,90.1170761594,95.5870074467,74.9043594407,91.1105838,75.9023719815,144.379139282,124.784811029
2021-10-14,109.070891152,95.898472299,117.542988267,90.0049131363,95.3349324515,74.9282285402,91.6874689952,75.9261017684,145.088994761,124.713839676
2021-10-15,109.225002206,95.8427389268,117.49911312,90.1727347901,95.0291010846,74.4435838082,91.7873878823,76.1677434071,143.858011519,124.24710499
2021-10-18,108.897545431,96.1141516562,117.696033626,90.7908123045,94.432337482,74.0299472151,90.9782126054,76.6629482351,143.908637569,124.187846986
2021-10-19,109.17602263,96.2315796104,117.530271813,90.8497173357,94.3147337072,73.8067493298,91.3143114566,76.5905312638,144.148434973,124.028782466
2021-10-20,109.315650682,96.2446136468,117.235200102,90.9604978665,94.4714341489,73.9268637817,91.745544083,76.3718542039,144.43905173,123.269740986
2021-10-21,109.119637756,96.0470338587,117.530020807,90.9450744921,94.6666859198,73.2201583655,91.6253005057,75.7891161109,146.205393701,123.131229271
2021-10-22,109.635853038,96.4442776776,117.415152753,90.7651769026,94.7317888355,73.7225026226,90.4564457776,76.2020251721,146.537172589,123.01401938
2021-10-25,109.926267221,96.1314039744,117.715396746,90.7935504785,95.039667299,73.5738428254,89.6272229781,76.1895996635,146.652144716,122.971361949
2021-10-26,109.472688812,96.5786343813,117.549230456,91.1642766103,95.0694918833,73.4148655814,90.0375306939,76.5422084817,146.057389253,122.28449183
2021-10-27,109.44845661,96.8389945256,117.214781773,91.2520184643,94.8328425718,73.6024602729,90.6133427942,76.64621011,145.296446351,123.328741343
2021-10-28,109.702716577,97.1176842804,117.355025402,91.1580319983,94.9290292015,74.3655882002,90.6086758802,77.8842177631,145.32112443,123.035519117
2021-10-29,109.677312867,97.2333719596,117.020692445,91.5508330422,94.8337464819,74.0291409018,90.1964624129,77.0137162726,146.384785525,124.311770305
2021-11-01,110.026255735,97.6530443652,117.334616965,91.7694995118,95.1221172834,74.8289236386,90.2017389544,77.4002212208,146.978058558,124.00056234
2021-11-02,110.037152803,97.758569682,117.796877086,92.0839143323,95.0485138846,75.3387673615,90.5700338917,77.3738583026,146.083867791,124.547508067
2021-11-03,109.796431134,97.2509800971,117.656068939,92.309937094,94.4902506508,75.1174473678,90.3939214455,76.4255717622,146.221924357,124.739092825
2021-11-04,109.419601223,96.9797501899,117.138169436,92.2525160089,94.3215239457,75.1345761138,90.399797398,76.1562881398,145.430204336,124.731327035
2021-11-05,109.839149116,97.3317127271,117.044741983,92.0401018295,93.7747739279,75.165901736,89.9407141684,76.0264640372,145.892507355,124.455241686
2021-11-08,110.048550282,96.9703652003,116.9364259,91.7117763361,93.7668453337,74.8964534319,90.4116688552,76.4118466897,146.19585436,124.215790744
2021-11-09,109.659421816,96.6628879068,116.978116436,92.0170873982,94.0916289618,74.7906321496,90.2064096644,76.6108944775,147.178623643,124.813958662
2021-11-10,109.743901696,96.5586659761,117.144289156,91.8150884838,94.106033717,74.3519586273,90.9639067795,76.3039339919,148.400512772,125.833738704
2021-11-11,110.201858525,96.8242722064,118.124732617,91.8515504698,93.586097745,74.4168842467,91.857729922,75.7550692003,148.232494125,126.21421494
2021-11-12,110.11177246,96.8209703181,118.399662298,91.7349393158,93.2693276163,74.0428083206,92.0484835485,76.0354460847,147.557336296,125.638908866
2021-11-15,109.749032173,96.8973069742,118.06189572,91.5544178016,93.1898226572,73.7317439619,92.1614673104,76.7969983817,147.614304011,125.832612512
2021-11-16,109.971079944,97.0372384895,117.881524816,92.078080468,93.0298316986,73.6896325157,92.5528211243,76.6238216551,148.915208476,125.643085442
2021-11-17,110.302800945,97.2184625683,118.160832061,92.183405785,92.8205637195,74.0803152486,92.6395163805,76.4869377202,149.545237939,125.803511289
2021-11-18,110.305760077,97.0827857803,118.270839697,92.2931383311,92.3303979004,74.1277969742,93.0784350795,75.3590949555,149.965181916,126.202341461
2021-11-19,110.491260457,97.3468058658,118.154944507,92.2711551127,91.6969152727,74.515908894,93.3797226766,75.8073447543,149.429035804,126.485950318
2021-11-22,109.895689557,97.0156558131,118.109695925,92.3777043434,92.3011527355,74.3164715681,92.9171778849,75.4092532722,148.933037501,127.650804588
2021-11-23,110.054367791,97.3011408514,118.010325779,92.471130717,92.5112133458,74.1891827656,92.6760295081,75.2583995045,148.430087735,127.633338262
2021-11-24,110.073221981,97.6192068046,118.169151231,92.6138628398,92.1284429403,74.5350085941,92.2893643663,75.6462833872,148.73901693,126.731910757
2021-11-25,110.457119687,97.4382642949,118.198202092,92.3845903024,92.6256385951,74.313912336,92.1128523836,75.3015957044,148.633082299,127.133460316
2021-11-26,110.383601798,97.2923114044,118.000485553,92.0976887154,92.6478092762,74.2980068589,92.5283181794,75.4388060509,148.859698541,127.519706152
2021-11-29,110.22680946,96.7697255945,117.915048793,91.9548196051,92.4663047319,73.9857277151,92.6495719466,74.8697384166,148.560742899,128.395209645
2021-11-30,110.079024167,97.003646997,117.791306098,91.8203595535,92.5012312329,74.131615717,92.683222284,76.1225043623,148.382854654,128.496881907
2021-12-01,109.740002021,96.9566848335,117.943552019,91.9516730854,93.0128656696,74.491814143,93.1500790767,77.162058972,148.490157711,128.378769385
2021-12-02,109.888612556,96.9019879208,118.013513301,91.690602236,92.9705457862,74.7537082571,93.3598317743,78.1678237128,147.244237137,129.093662697
2021-12-03,109.791919391,96.9271377658,117.507329942,91.7293018852,93.2498667445,74.7567030178,93.3109308053,78.2509625097,146.18310996,129.057618838
2021-12-06,109.900790405,97.1115524566,117.307697146,92.2220911559,93.0466341997,74.3984536458,93.9631017352,78.6727180528,145.473232057,129.034932679
2021-12-07,109.493900983,97.001223315,117.249649209,92.2488629085,92.6584475354,74.168857189,93.8800457431,77.7546022732,146.710090682,130.325414217
2021-12-08,109.793423622,97.0535597573,117.023282635,92.4319240153,92.713679807,73.8532728681,94.4827770383,76.7392846086,146.51340354,130.808870856
2021-12-09,109.348802701,96.8632654183,117.04372137,92.8096932598,92.3794557932,73.2082305608,94.0182841778,75.9163810425,145.714002101,130.516723981
2021-12-10,109.598190588,96.7315601227,116.97675904,92.7372632024,92.4129272836,73.6527390223,93.6704432253,76.2619784413,146.194682539,130.630883931
2021-12-13,109.549045274,96.7789801223,117.346870051,92.914914935,92.7100037733,73.50785706,93.919730599,76.0591244696,145.914445075,132.009297263
2021-12-14,109.129096271,96.9902133847,117.585712165,92.7442154909,92.7186362218,73.7969001077,93.7809432698,76.4875092425,145.490917774,132.814375379
2021-12-15,108.946720003,97.092838524,117.287795954,93.2113466725,92.6714167725,73.7844118975,93.2927655297,75.8834187343,146.62519847,132.484655385
2021-12-16,109.401613556,97.0907900311,117.726944084,92.9564674105,92.5479181242,73.9501384037,92.8789999656,76.6522777914,146.21760151,131.678525811
2021-12-17,109.48736801,96.8183268552,117.975598406,92.958116924,92.5833688143,74.0221251872,93.8840416856,76.5054882734,145.950567284,132.042087085
2021-12-20,109.376885516,96.9251577001,117.898409995,92.9405629281,92.3124335471,74.4810576825,94.4323608725,76.9410565641,146.133912912,131.741431217
2021-12-21,108.78629313,97.0727188109,117.34356708,92.6689511086,92.1843442581,74.6335574384,94.164287015,77.5854483279,146.314134951,131.542226637
2021-12-22,108.887013978,97.2562221052,117.358544614,92.461945208,92.2696092839,73.9550077044,94.097938624,77.1065258516,146.059200039,131.886563278
2021-12-23,108.664098804,97.2417822011,117.348037823,92.6436294949,91.891260661,74.2208516956,93.6403705722,76.8997561032,145.45960563,131.420302434
2021-12-24,108.658581131,97.3206467293,117.462833893,92.8739408834,91.5406145984,73.7093786374,94.3321501434,76.9291453431,145.061681942,131.521093863
2021-12-27,108.881146257,97.603266872,117.520452997,92.9717996653,91.2158373398,73.4967696949,94.3615496838,76.7272408338,146.427872224,131.866985217
2021-12-28,108.721601811,97.4012235836,117.963116812,93.1020924003,91.3568485358,73.5271431046,94.4238670626,76.5645049196,146.467956169,131.19160717
2021-12-29,108.757304336,97.3636761309,117.251654994,93.0574179176,91.0774421403,73.620513166,94.3783312997,77.4269677752,146.505496365,131.219989819
2021-12-30,108.889771596,97.5559233333,117.345946034,93.1743062571,91.1760137763,72.7577733624,95.4867655038,77.8609172763,146.815084509,130.592109464
2021-12-31,109.30051407,97.4550927108,117.497721774,92.9952297006,91.644950534,72.304111722,95.5976995397,76.941309844,146.960227853,130.357059632
2022-01-03,109.597483783,97.3125879578,117.791388956,92.7001661773,91.6018217496,72.1423987188,95.9532330284,76.9503912129,147.599450868,130.596540853
2022-01-04,109.605512539,97.1094487314,117.755441889,93.2664025111,91.1491341309,72.3249037196,96.0469170967,77.6820332859,147.5478537,130.56669345
2022-01-05,109.885147642,97.1146473904,117.681172049,93.2591619678,91.2662974305,72.6303862692,95.5456040739,77.8321731191,148.144935081,130.815201545
2022-01-06,110.249052521,96.7569209688,118.114941204,92.9332507838,91.2422335462,73.4111921709,96.2409675382,78.8415363811,148.994722513,131.294553191
2022-01-07,110.566812458,97.1063090077,118.073311867,92.7566060642,92.0275956624,73.4939017066,96.7231544764,78.8142256817,149.268522676,130.069642449
2022-01-10,110.493830675,97.1894186248,118.140742957,93.2403440072,91.5110171188,73.8179245827,97.2252489164,79.7958415591,149.460079935,129.685211776
2022-01-11,110.199060593,97.6043852942,118.379336821,93.106698532,91.1775757306,73.5570265067,97.5604581231,80.0514688807,148.314991832,130.008480992
2022-01-12,109.738147775,97.8316552841,118.42893645,92.930282386,91.4973175747,73.5396179782,98.3663580282,79.8698188193,148.674583285,130.030727662
2022-01-13,110.319489753,98.4391894248,118.59235299,92.9083708272,90.9174503415,73.0741734707,98.8184427978,79.906118424,149.218461206,129.179066034
2022-01-14,110.275929155,98.4500712762,118.325792216,92.6662640568,90.9668461431,73.2531918655,98.9373006831,79.6434626381,149.115977392,129.642517656
2022-01-17,110.093624181,98.5433369194,118.684967779,92.4811307802,91.1180770503,73.8397214749,98.9074015004,79.4252586802,149.879875826,129.496258003
2022-01-18,109.516745557,98.4903044903,118.854356952,92.4941268364,90.8973081949,73.6894081546,99.5614010929,79.2718526618,149.284985204,130.192320085
2022-01-19,109.271273194,98.6206086384,118.479045052,92.3553960621,91.3870867211,73.5925765355,98.8318438722,78.5293846792,149.913743372,130.441351234
2022-01-20,109.746515901,98.9688753156,118.678224414,92.4089377472,91.3514579729,74.2370148953,98.8625205422,79.3371024544,149.009717141,129.507375091
2022-01-21,110.132692374,98.8207205166,119.298929864,92.4146841537,92.0740592059,74.6740478071,98.415891679,78.9702083174,149.821267585,128.801073555
2022-01-24,110.61501573,99.0491800522,119.298942745,92.5989862664,92.1546507325,74.7156032715,99.0816459526,79.6168235484,149.769964271,128.41299282
2022-01-25,110.724199003,98.3818543102,119.335124491,92.5760926805,92.1403456506,74.7405758477,99.1938918419,79.1232006104,150.604797124,128.236696349
2022-01-26,111.074480165,97.9923988914,119.438865261,92.6544966372,91.7156893094,74.8384878883,99.3305001974,79.2566723408,151.300747063,128.456770344
2022-01-27,110.941988922,97.7338676913,119.287121897,92.6454225416,91.8252090562,74.9942583326,99.4193170533,79.2116586334,150.617557111,129.128067344
2022-01-28,110.479420792,97.2523395685,119.561352124,92.6390486403,92.3706153718,74.7731040266,99.4882137137,78.7626933914,151.350553535,130.0482291
2022-01-31,110.454758905,97.6491663343,119.560041164,92.1825993995,91.9964376094,74.1373184322,99.3629765377,78.6418672979,151.891081278,130.158336443
2022-02-01,110.855912785,97.7018984524,119.711744078,91.837424925,92.4997098839,73.6918479173,99.6739779909,78.6054031703,152.580962563,130.176398867
2022-02-02,111.050427236,97.7153748513,120.156756314,91.7369786955,93.0221003664,73.8572468368,99.8415546582,78.5080148114,153.175303166,129.877577047
2022-02-03,111.333477534,97.8816888253,120.38475521,91.73566411,93.1909884216,74.1898781404,100.593010617,79.0310999679,154.459354242,129.696472834
2022-02-04,111.676779299,97.7812699613,120.780647695,91.5356587067,93.3926535096,74.2112077784,100.813782466,79.098634525,153.931691152,129.512822465
2022-02-07,112.175367466,97.9552779199,120.491709693,91.8967994977,92.897176433,74.5082730131,101.144714773,79.2480792575,155.096444373,129.044349213
2022-02-08,112.361769469,98.2651443702,120.365090228,91.746329849,92.8856875745,74.7143342075,100.329948559,79.6263355997,154.099519643,129.604015371
2022-02-09,112.336244342,98.6488998057,120.404697971,91.8852111557,92.6408346127,74.7525619835,100.156280689,80.1037076433,153.300167628,130.561793923
2022-02-10,112.482513715,98.6323685177,120.692490909,91.9834476865,92.8748737709,74.4444869442,100.698660071,79.9391613764,151.679878695,130.092678976
2022-02-11,113.078459763,99.0332386849,120.803242018,92.3702766874,92.5588093212,74.8364203006,101.529924709,79.9934274305,151.17359654,130.063282855
2022-02-14,112.907622096,98.7978832964,120.918254485,92.1372057934,93.0456673232,74.6474968828,101.664309999,80.4653092404,151.38250857,130.280303499
2022-02-15,112.913778388,98.9067270793,121.066591949,92.1851158502,92.7605406488,73.6404105109,102.363879875,80.5467849381,151.443537164,130.791671994
2022-02-16,113.509865814,99.1858180325,121.393180803,91.7623120994,92.6348220545,72.7946068412,102.872814566,80.8827821322,152.400021621,131.239629104
2022-02-17,113.761492231,99.2141820157,121.404002398,91.5237407987,92.4258366727,73.6749617055,102.215125944,81.1436397648,151.259247362,131.230643867
2022-02-18,113.702400581,99.1701314123,121.145760911,91.6431725264,92.3336829531,73.7189266788,103.051312429,81.4413946247,151.190184138,130.91325478
2022-02-21,113.659695007,99.2513626943,121.779343462,91.6804775116,92.1466211445,73.4627301937,101.7480907,80.9659630495,152.804008112,131.147068992
2022-02-22,114.304852429,99.2694066199,121.379540991,91.2850194389,92.3196171835,73.7094035754,101.819348002,80.9264155975,153.401938693,130.834409952
2022-02-23,114.464575287,99.3860791944,121.323306002,91.1713416634,92.1296349209,74.4668557989,102.350957449,81.4170108742,152.853571972,130.0313622
2022-02-24,114.572594691,99.4616990381,121.318144233,90.9470654884,92.0285466106,74.6785839629,102.891724189,81.2805888908,152.264332126,130.79321372
2022-02-25,114.478145045,99.9241672899,121.29478248,91.0336981467,91.863910478,74.6333470677,103.446604065,81.6371331847,152.8057674,130.763065986
2022-02-28,114.107654582,99.816809024,121.033340855,91.5469218233,92.1502206973,74.3913420346,102.889864849,82.0077371878,152.83809067,130.82336513
2022-03-01,114.597792914,99.7884307461,121.038786006,91.4121446165,91.9547912414,74.7281635882,102.334848688,82.2159762966,152.077993996,130.406152331
2022-03-02,114.203518539,99.7428896246,120.930824254,91.4178076325,92.8571344933,74.5365147243,102.615964422,82.4247761311,152.005609432,130.680286576
2022-03-03,114.032304298,99.7637111738,120.703751993,91.4327513292,93.0842455887,73.8944888338,103.120175748,83.512155286,151.581911655,130.960786746
2022-03-04,114.202845,99.3483434546,120.834848816,91.399717699,93.5580019608,73.4443515166,103.917655442,82.7532921122,153.485064134,131.011159849
2022-03-07,114.491098951,99.4322222976,120.930834114,91.4020106428,93.316650776,72.4348208145,104.614746283,82.377076834,154.392544112,131.3117052
2022-03-08,115.017759381,99.6946900833,120.492829344,91.443748295,93.1360571013,72.9662555173,105.034715574,82.6530903944,154.390150506,130.785913383
2022-03-09,114.772801158,99.1428823876,120.359889437,90.8539239474,92.8810745698,72.7185426444,105.559465967,82.3113275754,154.577839336,130.676037058
2022-03-10,114.822433007,98.9400281153,120.492856138,90.1724470597,93.2589509761,72.4775699027,106.034995187,82.5071623748,155.211680511,131.247164369
2022-03-11,114.26663284,98.9267290976,120.681618213,90.5716145425,93.7319384761,73.1865008806,105.986142362,82.5985762625,154.312168828,130.820777255
2022-03-14,114.084736164,98.7925983612,120.386740557,90.8753668269,94.0890731485,73.4063431747,105.82152749,82.7706404795,154.580663894,130.824105158
2022-03-15,114.242267136,98.837040787,120.690271507,90.6765843978,94.0639560187,73.3597845128,105.976313267,83.250034478,154.292870899,130.174686358
2022-03-16,114.467626378,98.953728573,120.227156191,90.8318685262,94.1752132169,73.2881977104,106.654370968,83.7483871397,154.977292922,130.478154914
2022-03-17,114.167629203,98.5754237639,120.48126382,91.0476059251,94.0119886113,73.2852354121,106.330986076,83.6899207306,155.484787284,130.556741073
2022-03-18,114.026016651,99.1101665413,120.097048465,91.2973928413,93.6770564983,73.2313592193,106.295479889,84.0649991703,155.147845813,130.350945562
2022-03-21,113.941830174,98.8769467577,120.254883608,91.3029269539,93.918174116,73.1989449358,106.201107535,84.5205282092,155.712732026,131.102856648
2022-03-22,114.218188772,99.3546190233,120.190368848,91.5671838219,94.0548959143,73.8050522833,105.849407817,84.4562614727,155.214371298,130.39904561
2022-03-23,114.946320838,99.7914683972,120.06225115,91.7819945815,93.2833166338,73.9945267803,105.589138255,85.1336446396,154.35554233,131.071874926
2022-03-24,114.810528113,99.5580073061,120.474189865,92.1559727925,92.9726808192,74.1240395559,105.933817645,85.0080384368,153.905847825,129.802297942
2022-03-25,114.51097389,99.887654917,120.876710827,92.053701327,92.845004314,74.2106088873,106.092130261,85.3365916649,152.390941689,131.430996579
2022-03-28,114.795065343,99.888948395,120.714892583,92.3210293746,93.1247690351,74.3629457276,106.182710171,85.5462851161,152.306621839,131.707241656
2022-03-29,115.046210581,100.007108705,121.123515139,91.9014677972,92.7324252474,74.4241043369,105.947826744,85.3260022401,153.245263966,131.616812145
2022-03-30,114.802979098,100.018363665,121.22643744,91.9696612847,92.5328877947,74.6209721992,106.11381586,84.6393455483,153.450486678,131.250577096
2022-03-31,114.693020797,100.172948639,121.300871679,92.209076261,92.4961505827,75.2184284307,106.349160253,84.8426279587,153.547418395,130.861226752
2022-04-01,114.352235931,100.188183357,121.573330639,92.2446558444,92.3814308539,75.1560029876,105.280940605,85.582959039,153.316935914,130.449726225
2022-04-04,114.182168342,100.409070012,121.802323009,91.923064936,92.8510772766,75.0513786742,105.043247098,85.4162557906,153.037288205,129.877051602
2022-04-05,114.36691359,100.297801599,121.933821911,91.9673316631,92.8559919956,74.0901363532,104.848757274,85.1884885703,152.876037903,130.267822282
2022-04-06,113.945541855,100.261076569,122.265176868,92.1723739254,92.236349303,74.3008287643,105.814716248,86.0945682699,153.190348923,129.658264082
2022-04-07,114.016233877,100.542691264,122.183293823,92.491427852,91.8000216698,74.2914225023,104.624841554,85.4931451752,153.434546383,129.575609207
2022-04-08,113.390826308,100.302903483,122.117690485,92.5064622669,92.1234670178,74.3734303763,104.291502341,86.0105880793,152.65679193,130.728062448
2022-04-11,113.995971302,100.387859284,122.200000999,92.5919827343,91.8928231314,74.8970883703,103.84628124,85.9973883797,151.963870272,130.501607774
2022-04-12,114.334873225,100.112891989,121.817185116,92.7034599497,92.3740458123,75.0180945638,102.834173474,85.4282345017,151.948130353,129.892610564
2022-04-13,114.457707168,100.169783458,121.792267605,92.9557091609,92.6759650986,75.5044125294,103.372609363,85.4283311521,151.941550674,129.768955375
2022-04-14,114.727590428,100.100360193,122.209038715,92.8957500681,92.5027503557,75.4388785791,103.233843617,86.0687373659,151.891597813,129.567503721
2022-04-15,114.429073112,99.926315468,122.214789271,92.2167621331,92.7541820877,75.383974879,103.959057579,85.8621989581,152.292357329,129.777606982
2022-04-18,114.190681063,99.6612441262,121.840944635,91.9248711208,93.3041975111,75.117445027,103.795514588,85.7136995377,152.967896289,129.466079467
2022-04-19,114.204713613,99.549525115,121.914118457,91.6304255819,93.7140888924,75.3047894275,103.873292887,86.3383970255,153.122424016,128.818756649
2022-04-20,114.19550881,99.5175026102,121.810600168,91.683999506,92.8663028363,74.3225375447,104.806756611,85.7706603876,153.894390674,128.208736654
2022-04-21,113.94704523,99.6568565854,121.80992633,91.7714224812,92.9418056945,74.2819549903,104.445332679,85.4261110442,154.59312771,129.013060769
2022-04-22,113.697135337,99.3933025788,121.741695954,91.7925612095,92.7518590801,74.280612221,104.642944708,85.0521026268,156.322734124,128.921353432
2022-04-25,113.82266969,99.5083774499,121.728050356,91.3281181445,93.0155723041,73.834394835,104.617123909,84.5521402767,156.711041418,129.690472468
2022-04-26,114.019254252,99.4044020143,121.417758746,91.5422469812,93.5747316578,73.7665344935,104.827658719,84.3748164712,156.444729076,130.085714352
2022-04-27,113.82014185,99.3926250928,121.452832622,91.6322693416,93.9498486613,73.3302540839,104.30868296,84.3300303852,156.357253435,129.954766188
2022-04-28,113.985777053,99.6675269665,121.714418164,92.2507052603,93.083297511,72.9952032044,104.176929545,84.2757409946,156.287609026,129.507450708
2022-04-29,113.916913741,99.7795974098,121.404823215,92.8809858404,93.0357182083,73.3769204967,103.871441498,84.4729326653,156.321691473,129.932381715
2022-05-02,113.741604853,99.9415094687,121.054887872,92.8740259874,93.3303565859,72.80011785,104.973049758,84.924957148,155.459622286,130.3172328
2022-05-03,113.674659587,99.8194106211,121.32762382,92.9464181584,93.7375439017,73.2448799915,105.587914185,84.5159124424,155.470426815,131.390594013
2022-05-04,113.321898623,99.7013147375,121.169953214,93.1927817988,93.7586687558,72.7267699895,106.026731685,84.439527031,156.29326677,131.576158823
2022-05-05,113.444532641,99.6607019362,121.369822225,93.3140908776,93.789732685,72.731518681,107.502660716,83.8689756874,157.197475697,131.931068889
2022-05-06,113.505783072,99.679823271,120.840574895,93.3741475925,94.2335181497,72.5141132346,107.833089361,84.0809303992,156.827758048,132.362961009
2022-05-09,113.557127657,99.6922022335,120.966135249,93.6239687444,93.388896044,72.1466842164,107.015870928,83.9364958711,157.601456143,133.028340528
2022-05-10,113.495843925,99.8600865748,120.495616224,93.8062908384,93.0883568765,72.0732649562,107.536507419,84.5746100799,157.396955226,132.850791708
2022-05-11,113.327866812,99.8651388072,120.781349847,93.8558541165,92.2454899104,71.9240011663,106.873217335,84.4141161405,157.655749458,132.371807956
2022-05-12,113.168497079,99.7815145684,120.631027616,94.5142813179,92.6353812072,71.35587562,107.081770347,84.0827845384,158.324416985,132.834678218
2022-05-13,113.073274307,99.4259510104,120.542049904,94.5750968407,92.3968770304,71.1322213853,107.237662339,84.0225771443,157.48156398,132.827243344
2022-05-16,113.157207323,99.6085463036,120.677452694,94.4730792363,92.2516391777,71.4599845063,107.620719893,84.463420249,157.966202845,133.179616249
2022-05-17,113.532781178,99.9039522133,121.055283898,94.18819041,92.6221767162,72.0070948939,108.212668302,84.4428519272,158.055585198,133.126016915
2022-05-18,113.877725392,99.708967799,120.731354411,94.2880886814,92.3722250671,72.835135307,107.956667552,84.5288503852,157.983731704,132.855596756
2022-05-19,114.076610168,99.917382776,120.5978887,94.3678016036,92.7223472245,73.4832777737,108.380176848,85.0864296869,157.662286438,132.962386442
2022-05-20,114.064088609,99.8590410899,120.711940869,93.75643523,93.2036314011,74.0737985266,107.969674039,85.5764910247,157.134642794,132.323367994
2022-05-23,114.487609213,99.6097054157,120.380505569,93.8367264704,93.1887751203,74.108916554,109.133603828,85.024497133,157.152983989,133.397756789
2022-05-24,114.799408995,99.7857377149,120.326194522,93.9858336751,93.5488359248,74.2442775095,108.890175106,85.1200637644,158.096097572,132.786688344
2022-05-25,114.636991045,99.8133511174,120.193058391,94.3647202684,93.8390144108,74.7195704762,108.564362942,85.6478874178,157.742426398,131.466984578
2022-05-26,114.905390377,99.6641955169,120.101594051,94.4619801169,93.7617775936,74.8643129544,108.691498321,85.4846114826,158.668003593,131.895866599
2022-05-27,115.169946429,99.8680493017,120.066953888,94.89872255,93.2545349814,75.0191461358,108.681046802,85.380664278,158.635698152,131.407987746
2022-05-30,115.621587276,99.7202672983,120.409548564,94.9250775015,93.0992336852,75.3418047296,108.691307564,85.0913108476,158.169246234,131.709851956
2022-05-31,115.532219074,99.7309998556,120.175317712,95.1148879849,93.2585534694,74.7422650883,108.370031773,85.5598529357,157.557973621,132.630592211
2022-06-01,115.456198681,99.7200893297,120.245717317,95.3988027827,92.151166152,75.053385411,108.572753191,84.7806951199,157.655256668,132.016443624
2022-06-02,115.375213979,99.4575270006,120.392381821,95.6745863371,92.3588822505,74.2398730216,108.813091336,84.6810572047,157.22983038,132.323244611
2022-06-03,115.713633713,99.3686869781,120.089461285,95.1222862733,91.8664198042,74.1434303624,108.77349806,84.2380977893,157.952101949,132.633249587
2022-06-06,115.51070654,99.3608355179,119.853134549,94.6727368254,92.1072415513,73.7158104077,107.69338248,84.0463737459,158.463412617,133.383413582
2022-06-07,116.016143783,99.5694206119,120.348313923,94.522378929,91.1028664004,74.285445398,107.98573843,83.6354115558,159.279850895,132.910634671
2022-06-08,116.082895112,99.5363287461,120.537514971,94.6584999954,91.1845415241,74.2731649012,108.057723557,83.9051372272,160.239186694,132.870732062
2022-06-09,115.704342583,99.4410855157,120.257044504,94.896316651,90.9210901585,74.9286839068,107.148837079,83.6524784849,160.130027899,133.034235269
2022-06-10,114.86935204,98.9760853426,120.034310103,95.4071360637,91.4232134963,74.3381115027,107.241687649,82.86994236,160.942668782,134.282447451
2022-06-13,115.156908329,99.0099866334,119.804727956,95.6371910901,91.7742257001,74.228657435,106.290506251,82.7692915697,160.69394652,133.136098345
2022-06-14,115.165007953,99.1364283715,120.176548894,95.4971878389,92.0651693107,74.6675081473,106.365484103,82.6361725246,159.764998238,133.059780356
2022-06-15,115.454505551,99.2375824655,120.607471192,95.50564844,91.203329878,74.9865454123,106.496810204,83.0772110617,159.666220357,133.517590681
2022-06-16,115.340318173,99.2502075539,121.041487804,95.0056341552,91.0765269046,75.5780025796,107.10515445,83.3653199873,160.042353975,132.776676153
2022-06-17,115.585721442,98.9401509735,120.780983455,94.8918392051,91.0241377278,75.433323652,107.486655296,83.6914852004,160.6330743,132.714524755
2022-06-20,115.724063398,98.8390787428,120.982313958,94.9947718914,91.3276637964,74.9455941119,106.198087107,83.5057892734,161.167135412,131.905645734
2022-06-21,115.929904484,98.8128100113,120.92156543,95.1926975168,91.8976086434,75.3439532102,106.21164309,84.1384192553,160.45724378,132.298421045
2022-06-22,116.117217766,98.9724068548,120.854871361,95.2037270492,91.4816271325,75.0228413797,105.770068491,84.2008093152,160.351311592,132.552126318
2022-06-23,116.467153817,98.8973323273,120.721886712,95.1826501198,90.8177036385,74.8110826013,106.760837576,83.6079014991,161.8025757,132.603024646
2022-06-24,116.766705646,99.1345185849,120.850475539,95.9306062555,90.1165463578,74.8528212418,106.310391236,83.0980364874,161.377046806,133.513020623
2022-06-27,116.813923128,99.5124195824,121.364377659,96.8107786369,90.5673563239,75.6739328572,106.592847795,83.0118772372,161.813181064,133.515523988
2022-06-28,116.906265257,99.61297714,121.344274825,96.1400966983,90.8134755441,75.3578126975,106.485610192,82.8701223358,161.935891267,134.345942389
2022-06-29,117.066872508,99.9202669037,121.502660896,96.1289429888,90.6669897735,75.0540926218,106.72536084,83.1587369938,162.60439779,133.383366465
2022-06-30,116.803887831,99.8715817484,121.883775232,96.1611378757,90.3502547734,74.6098444983,106.430905536,82.9742539185,163.158056253,133.934445245
2022-07-01,116.670064487,100.036758467,122.132709428,95.6724772539,90.3789854309,74.80849518,106.577458044,82.5143826096,163.328816282,134.309270107
2022-07-04,116.938359899,99.8012785047,122.007593055,95.3255194835,90.6894336364,74.5991217356,107.041159235,81.9616543931,163.929947719,134.222055144
2022-07-05,117.175856986,100.20999439,121.829817971,95.2270438307,89.8386418892,74.7662062972,107.760102517,81.8858217516,164.30061229,134.909160153
2022-07-06,117.013120142,100.275623229,121.865671327,94.5351772664,90.178153775,74.3298331524,107.11927656,82.5088610535,163.594074409,136.125127328
2022-07-07,116.705934271,100.14888069,122.008437363,94.7129820043,90.1412686803,74.3792275886,106.948138869,82.4986269331,163.489941165,136.354586863
2022-07-08,117.13848872,100.1373164,122.017854432,94.3109617747,90.965840131,74.7498346978,106.03674324,82.1271984494,162.920010892,136.483625605
2022-07-11,117.093918831,100.214063856,121.920405055,94.8693163959,91.0627039585,74.6744628394,106.618018717,81.4843011344,163.020862883,136.625117368
2022-07-12,117.27450727,99.9524839807,121.877182835,95.042226751,91.1521011506,75.1294201875,106.992433135,81.4620497599,163.430539298,136.459111551
2022-07-13,117.371621037,100.097336574,121.917857794,95.0668663749,91.4464700854,75.3592608274,107.685988158,82.045026767,164.058495466,136.234445947
2022-07-14,117.780584569,100.341507632,122.210516867,95.5902434775,90.3733542505,76.1266297428,108.680526529,82.2047314137,164.615564491,135.809951252
2022-07-15,117.857067928,100.445224063,122.435554582,95.6055897762,90.5427488427,76.3596458655,109.264175747,81.7205662463,165.520284353,137.125805501
2022-07-18,118.006364551,100.756889105,122.38905427,95.227679688,90.5849528594,77.0587280982,110.072421377,81.9219683442,166.134157962,138.109282256
2022-07-19,117.965798927,100.77044461,122.556973307,94.9793184352,90.7435487908,77.8469012381,109.791396863,82.2300631181,166.331404441,138.031268905
2022-07-20,118.111473438,101.117139812,122.790624401,95.0010536137,91.507544731,77.8897340461,109.283955461,82.9117936075,166.321783762,138.531733669
2022-07-21,117.939979141,101.141826094,122.576846939,94.7723976975,91.4511881042,77.499647529,109.234207287,82.2101238011,165.838662099,139.207417772
2022-07-22,118.301769263,101.180501825,122.836241454,94.7952666659,91.370494216,77.8756196828,108.991365731,82.4478325009,167.033020793,138.198624587
2022-07-25,118.183484339,101.270427368,122.482649348,94.5314171765,91.2981925271,78.1009757402,108.661065676,82.4684413149,167.213225862,137.711356589
2022-07-26,118.31514083,101.127745561,122.633927738,94.7212112066,91.4321397553,77.8954119039,108.535047755,82.2390638065,166.95627341,138.40808253
2022-07-27,118.207142933,100.806295449,122.463110012,94.1341728005,90.8416631098,77.8585105488,108.116764415,81.9684667497,167.574037393,138.411217163
2022-07-28,118.333030773,100.710875909,122.715451422,93.9715178122,90.6955879112,77.8171305281,108.386642952,82.2594981485,165.927182419,138.435533377
2022-07-29,117.774394032,100.644773414,122.562066994,94.1104520389,91.1677111629,78.166024033,107.708644634,82.3296524741,165.204966632,137.311878283
2022-08-01,117.694384659,100.894838198,122.219744298,94.0101514636,90.9862463226,78.9601903129,107.441687022,82.2615721023,164.556385982,137.284234286
2022-08-02,118.074594805,100.888490693,122.718521585,93.7807621114,91.2841338926,79.1538204279,107.677384719,82.3746729136,165.536727142,137.147918872
2022-08-03,117.942633837,100.726897039,122.527286843,93.7916572552,91.7846927945,78.7341647861,107.737801622,82.3598663963,165.768916773,136.260081096
2022-08-04,118.014627378,100.709256834,122.654521983,93.8308755249,91.1855632171,78.6808290306,107.491038776,82.2516303847,166.009150245,136.072675342
2022-08-05,118.044744466,100.725221461,122.057859139,94.2174753173,90.4665519908,78.7987124043,107.698883543,82.2799174825,166.630924746,135.510816061
2022-08-08,117.806151298,100.831889273,122.105727742,93.8533732842,91.7028621651,79.005824171,107.517461558,82.2836293397,167.124957003,135.795789203
2022-08-09,118.014355236,101.089458665,122.361018179,94.4233210634,91.358841142,79.294939114,107.867846767,81.9329668472,168.428761791,134.718151707
2022-08-10,118.335970723,101.025396084,122.515864789,94.2091252256,91.3309490277,79.7807376297,107.415954078,82.1802293117,169.09676676,133.536542115
2022-08-11,117.935378753,101.12755367,122.335673832,94.660185822,91.7581938202,79.3986042207,106.963184131,82.0554380535,168.451942219,134.379094024
2022-08-12,117.579903651,100.933393612,121.979433644,95.1938415692,91.331241019,79.2135156655,106.30637019,81.8565946231,169.134674902,134.57481005
2022-08-15,117.444136747,100.549978958,121.832906965,95.1565196706,90.8894706703,79.0999230474,106.905955837,81.3359875974,170.122687683,134.908345846
2022-08-16,117.851812471,100.994312129,121.630857074,95.5710612813,91.0117592757,78.8662746195,106.722406293,81.1314446497,170.210115688,134.482948915
2022-08-17,117.872364134,101.171150088,121.222909769,95.2226989645,91.3203532234,79.1611692123,106.253904773,81.3697689406,170.954732301,134.396930133
2022-08-18,117.560823884,101.271170015,121.621344585,94.841557458,91.6910037049,79.552428214,106.208746982,81.0295895865,170.960657348,133.849922304
2022-08-19,117.335279978,101.071283603,121.868662754,95.0233941437,91.4872625734,79.8809094296,106.19162811,81.1482352532,171.002892446,133.691612461
2022-08-22,117.071622292,100.932856768,121.726289553,95.3098508718,91.6279861029,80.2921902596,106.187349312,80.999122041,169.364324248,133.110015776
2022-08-23,116.931976509,100.907669423,121.839646628,95.535891092,91.9883022077,80.5822624109,107.07844994,81.1499687253,170.149443938,132.699087878
2022-08-24,116.680728468,100.780693413,121.820303183,95.3099020263,91.498552426,80.5445459005,106.789649771,80.5014159916,169.887370865,132.768038693
2022-08-25,116.473864072,100.792280372,121.919781278,95.7845461849,91.0736375821,80.125412904,106.451444714,80.7257781588,170.22388707,132.846388358
2022-08-26,116.507772248,100.965708408,121.716817005,96.0162270967,91.6007770814,80.4152040396,106.595795956,80.3798436869,169.224142171,132.264275897
2022-08-29,116.120054292,101.075938153,122.246694233,95.8117613781,92.0329913874,80.8872370277,106.74833427,80.3171099469,169.225341701,132.760477152
2022-08-30,116.106626366,101.084012077,122.155857833,96.1858703334,91.2926104888,81.0091657523,106.117722508,80.3410243785,169.589978359,132.129538823
2022-08-31,116.216773211,101.605528371,122.317365129,95.7748219658,91.6095997685,81.1468422065,105.204740086,80.8253281468,168.707575045,131.932467591
2022-09-01,116.124300253,101.811745255,122.390221616,95.1773300779,91.670299285,81.2302106428,105.712957984,81.0912282026,168.895782194,131.228901584
2022-09-02,116.07267388,101.874120542,122.367833761,95.6187843032,91.4558886418,80.8721016807,105.405600556,81.3622651895,168.884952738,130.978147975
2022-09-05,116.569381564,101.85178502,122.051712052,95.0609324565,91.4931676923,81.0564745596,104.872341885,81.7587943869,169.189928079,131.047847367
2022-09-06,116.669872585,101.647811389,122.124345911,95.4192575316,91.8233184091,81.3007618027,105.125136844,81.2283214966,169.287671009,130.431928527
2022-09-07,116.967329614,101.809823484,121.912218398,95.3340568318,91.7346002826,81.4803060808,104.615829963,80.3880725311,169.832250975,128.963379723
2022-09-08,116.97032254,101.813752247,122.243800611,94.892171122,91.7941841576,81.4432822276,104.360824788,80.3245540635,170.633373449,128.947124026
2022-09-09,117.044127389,101.847752665,122.463188253,94.8936557365,91.8503960251,81.3370741434,103.91047062,80.4817908989,169.907667581,129.323630365
2022-09-12,117.206032377,101.650937054,122.625597822,94.202469666,91.3409741679,80.9308189142,104.141386293,80.4043188004,170.632389589,130.264897038
2022-09-13,117.300963211,101.736733152,123.323197299,93.2963072974,91.1957040912,80.8903506878,104.130669192,80.5168490543,171.041852878,130.175871671
2022-09-14,116.939072756,101.573202694,123.242324229,93.5734693112,92.1469298357,80.9647507313,103.756072173,80.3461997756,171.309956136,130.029592965
2022-09-15,117.125006547,101.243868293,123.452439211,93.4257859659,91.9667015046,81.555553447,103.311737971,80.3862634674,171.968817202,130.100966478
2022-09-16,116.647260799,101.358631199,123.260711653,93.375774721,91.7845293681,81.101573267,102.906202243,80.1642272667,171.898691174,130.856280454
2022-09-19,116.88862428,101.821319712,123.214442821,93.6900110165,90.8552209544,82.3084442386,102.956604929,80.2809731075,172.323436744,131.170442918
2022-09-20,116.715598073,101.69680825,123.251080656,93.2817943307,90.5283968347,82.4436112007,102.639282654,80.0808706841,173.712955976,131.601419621
2022-09-21,116.531299693,101.512705955,123.27872799,93.2728601421,90.4675510885,82.2055546939,103.073014019,79.7333288245,173.459519106,130.929006314
2022-09-22,116.509652183,101.351913612,122.969192055,93.0389297018,90.6704948892,81.5358672863,102.75938532,79.7455804081,173.673247801,131.867086925
2022-09-23,116.257742926,101.227839034,122.864426508,93.516855469,91.2356469312,81.6463072219,102.558607929,79.2680801351,174.371444104,133.151756581
2022-09-26,116.37553611,101.162460103,123.005540358,93.6380895004,91.5885581624,81.624931734,102.555472897,79.1020517774,173.815051327,132.842323248
2022-09-27,116.040748295,101.187100634,122.989573566,93.8639516994,92.2233846553,82.148285769,103.06452071,78.9970408189,172.741328321,133.476448691
2022-09-28,116.296953426,101.44204354,123.124490203,93.2132310995,92.4989532875,82.3824879136,103.528861264,79.4325306077,173.195143365,133.077515846
2022-09-29,116.201554774,101.589009247,123.008537341,93.6009954683,91.7822029316,82.7132791426,103.688733086,79.4401960109,172.656887192,131.551823869
2022-09-30,115.985140789,101.43851873,123.253706794,93.2417343272,92.3065441472,82.1602170777,103.814645619,78.9417912324,173.778533654,131.612203532
2022-10-03,115.531416116,101.393280716,123.07453029,93.1224497675,92.0672778465,82.0575530261,103.470227511,78.7345863972,174.209326278,132.272096799
2022-10-04,115.520752722,101.461340804,122.782425752,93.3132191349,92.1474556268,82.1498976287,103.516863896,78.9839991844,173.190395467,132.876094808
2022-10-05,115.632165977,101.85973786,123.035562091,93.8728119431,92.6975974024,82.5640694199,103.143225595,79.0972423249,173.169744754,132.647715172
2022-10-06,115.576399267,102.058805198,123.070163206,94.2695239549,92.2065224783,83.0493146162,103.304255411,79.4755348264,173.669216367,132.43104095
2022-10-07,115.582027748,102.373674798,123.060867674,94.3456465002,92.2481308835,82.4564318846,102.801815162,79.7071381685,173.992999086,132.689455618
2022-10-10,116.207381667,102.66825104,123.218079373,94.2797499777,92.0583260293,82.7107246221,103.111841325,79.9217002946,173.814700239,132.117947861
2022-10-11,116.427441796,102.899092066,123.258575682,94.2501476139,91.820164387,83.4490727155,103.374478586,80.3410464318,171.892316573,132.08719778
2022-10-12,116.292306632,102.892373346,123.05488546,94.0974454882,92.049371216,82.8234220892,103.306054423,80.0835800416,173.263617676,133.073566524
2022-10-13,116.371312265,102.798280998,123.433419399,93.2368582684,93.3351217995,83.4833097447,103.466887892,80.3367694256,173.166059242,133.222572157
2022-10-14,116.639703938,102.959923209,123.926737513,93.0940333422,93.6706228209,83.7572110185,103.18249494,80.6606353637,173.145988521,132.626241785
2022-10-17,116.82672334,103.125053088,123.688265301,92.6724422109,93.2585341821,84.2729946342,103.584150271,80.6186941501,173.510727251,133.056708629
2022-10-18,116.657675306,102.747885509,123.383323421,92.3706929183,94.0164351077,84.1297568914,103.234564886,80.6071962858,172.787456179,133.600562478
2022-10-19,116.580830169,102.654989426,123.58967249,92.8191021201,94.8078033998,83.799542294,103.099333342,80.7083833811,173.786472374,132.02395316
2022-10-20,116.558307593,102.526529744,123.0838727,92.1459850166,94.8906732901,83.7757193671,103.495827687,80.8424533439,174.398465825,132.213354044
2022-10-21,116.183100019,102.363302396,123.086435812,92.5020299122,95.2338735869,83.2166177387,103.508461969,80.9775538111,174.896821955,132.013029666
2022-10-24,116.120617652,102.543525384,123.004055926,92.4778706395,95.6040943313,82.7956719153,104.296922154,80.8431590727,175.463329221,131.816488801
2022-10-25,116.364633856,102.657953791,123.377345179,92.5129875599,95.1114881075,83.7595717631,104.283078105,80.8375546255,174.331081828,132.75610963
2022-10-26,116.41043546,103.100975611,123.587382468,92.6655403361,94.8805524256,84.7175824916,103.501128202,80.8945579736,174.301983638,132.400479451
2022-10-27,116.273306222,102.988707809,123.476602332,92.8521574414,94.5028445316,84.73572061,103.662095555,80.7727721937,175.236627606,133.477714195
2022-10-28,116.563963785,103.156759164,123.645743112,92.9301820185,95.0816519067,85.0537346514,103.616941867,80.6764868609,176.097879009,134.169015892
2022-10-31,116.603906836,103.043058712,124.134439911,92.5210277713,94.4235388852,84.3962208084,103.466989808,80.7167173567,177.636365408,134.328285543
2022-11-01,116.71373179,102.972169891,123.893932942,92.7821073014,95.1738109981,84.3715068943,103.325982871,80.5099965928,177.715054923,134.754059406
2022-11-02,116.989294952,103.071471194,123.595499241,93.7714116597,94.6219880199,84.7130829383,103.272068898,80.0289858458,177.990667763,134.184719436
2022-11-03,117.100993785,103.264254808,123.803836565,94.1576963393,95.6226930651,85.0401776342,103.510598317,80.4310046347,176.080257854,133.872362444
2022-11-04,116.888061332,103.301751555,123.561448334,94.3106640574,96.3809696293,85.5820135251,103.97831864,80.2309152507,174.778781372,135.979539957
2022-11-07,117.030541417,103.296948754,123.490895759,94.4647580838,95.3049528384,85.0892025815,104.041855675,79.8001910667,174.797767458,138.099382926
2022-11-08,116.93019402,103.232704114,123.580058738,94.2790354928,95.3142860863,85.298620724,104.369941978,79.2804292926,175.249937907,138.427068171
2022-11-09,117.010712393,103.383354185,123.875956064,94.3839325541,95.3275957492,85.4319199693,103.637191849,79.4802972925,175.763193401,137.576098292
2022-11-10,116.967513173,103.438201921,124.135950586,94.5621459795,95.6397687578,85.6894869358,103.484493979,79.5887318143,175.224903446,138.568502847
2022-11-11,116.762908034,103.527777751,124.342172075,94.2042406491,95.5877085698,85.6401135239,103.724827188,79.5969730395,175.144106691,139.415874202
2022-11-14,116.461413411,103.446666785,123.928967022,94.4571470013,95.8102604028,85.8871094863,104.24864846,79.5985700483,175.456059972,139.39992858
2022-11-15,116.481034616,103.666055302,124.577132024,94.2256082144,96.1226381168,85.9709167284,104.449206471,79.5940032063,175.471917679,136.689005797
2022-11-16,116.747270131,103.5604553,124.440230828,94.4296179348,95.5264808555,85.9945946086,104.457224536,79.3020555411,175.703601996,136.65763723
2022-11-17,116.93228194,103.398204417,124.224165991,94.7494887673,95.4364735985,85.870062203,104.09499622,79.5335087544,175.092269084,136.25107295
2022-11-18,116.7444811,103.592711725,124.571964893,94.3854068935,94.812079534,86.4044824398,104.519574322,79.2023382788,175.123708571,137.24091925
2022-11-21,116.584008502,103.841623453,124.522511097,94.4471183815,94.529858789,86.7145852133,104.869808202,79.5765292729,176.25782729,137.340752686
2022-11-22,117.131077903,104.100302393,124.635838292,94.3427314368,93.8117876311,86.2242712232,104.473032314,79.9578300114,176.422823398,136.755907713
2022-11-23,117.118849058,104.00436892,124.932163249,93.764065336,94.0208476832,86.1940651429,104.309338875,80.20468637,176.701398873,136.275845348
2022-11-24,117.557334397,104.16963693,125.343221439,93.1831496782,94.035234088,87.2356208323,104.013157894,80.3057503615,176.605894739,138.101873724
2022-11-25,117.990501909,104.378911938,125.179154341,92.8457047498,94.1910324778,87.0680750116,103.529043267,80.5020594981,176.581574937,137.995103666
2022-11-28,117.895367309,104.512782068,124.920050005,92.992128569,94.3407248459,87.233210713,103.983674248,80.3534337602,176.215553115,136.780996595
2022-11-29,117.359968379,104.379433835,124.718916442,92.7169359675,94.2140441208,87.6038822068,104.233984752,80.0033716851,175.728029785,137.346984076
2022-11-30,117.485196199,104.331641193,124.839236332,92.9431233906,94.1754824787,87.3509531375,104.681683988,79.7455219313,175.97389359,137.114004354
2022-12-01,117.314166675,104.676749932,125.233196422,93.4696586056,93.5322420557,87.9896662286,104.948338948,79.6427559336,175.283493586,136.529608606
2022-12-02,117.083782332,104.68161588,124.892686338,93.4766072954,93.3991177636,87.2516031835,104.231089899,79.7144752218,174.918893218,138.398962491
2022-12-05,117.2560384,104.475195753,125.436484157,93.8074514853,93.384291038,86.0891481881,104.441234261,79.6547775228,175.145214532,138.538283344
2022-12-06,116.797158336,104.201125344,125.440241539,93.5519677937,93.6835819066,85.1884679558,104.455354026,79.255244905,175.792483372,138.518658665
2022-12-07,116.697500748,104.51989627,125.270354841,93.5113821526,93.7583768475,84.3682627274,104.989268085,79.2917723118,176.538129336,136.037876039
2022-12-08,116.748589557,104.376546165,125.782175548,93.5735505721,94.2526938519,84.2053821064,105.452888431,79.5272105503,177.432332054,136.044782419
2022-12-09,116.606698371,104.126034863,126.02694349,93.6507699584,95.3105378535,83.9985079025,105.384692907,79.628667649,178.328261241,137.303707643
2022-12-12,116.86686644,103.991397202,126.516588989,93.145225639,95.1377924515,84.3098198733,104.884539432,79.9261933129,179.785746712,136.592660588
2022-12-13,116.989290041,104.344028397,126.820923569,92.6858113915,95.3702986222,84.3732629935,105.481919635,80.1445137223,178.065340284,136.160052245
2022-12-14,116.810109075,104.032089542,125.553640431,92.2390652427,95.8133515822,83.9902323499,105.102121272,80.1347618895,178.234185516,136.178624639
2022-12-15,116.905142595,103.922789172,125.107577558,91.9993922073,95.6509852571,84.0660249903,104.883148891,80.0120566962,178.675169782,138.156549301
2022-12-16,117.023879915,103.863888566,125.423130543,92.1527863063,95.723043871,83.861833856,104.984073896,80.275501902,177.13780279,138.164955666
2022-12-19,116.979966165,103.666573259,125.318851605,92.8428731131,95.8663292176,84.2163044071,105.121486638,80.3439818485,177.38746883,137.13646338
2022-12-20,116.820195024,103.519003954,125.796686416,92.9708098744,95.5513411289,84.1496226947,105.061129991,80.2349842489,177.272525641,138.494212763
2022-12-21,116.769613627,103.468931623,125.843646907,92.4567260196,95.6204454096,84.2969699508,105.708294069,79.7291595626,176.679997257,138.926030065
2022-12-22,116.738181807,103.280678938,125.924383325,91.5332054711,95.8706302811,83.0852169192,105.792046427,78.9064975863,178.209095142,141.057858169
2022-12-23,116.812879285,102.967393424,126.170398228,91.722574618,96.1248043551,83.3443818216,105.828357304,78.4967363979,178.900768798,139.826615365
2022-12-26,117.429590906,103.136728023,126.734653207,91.3120209473,95.4290284805,84.1103290966,105.499595251,78.7423475081,179.329780739,139.580503193
2022-12-27,117.385360515,103.150534208,126.488860091,91.6754859586,95.2820161295,84.0606200999,105.441778129,79.0722581704,178.913033113,138.32226436
2022-12-28,117.344298786,103.108989649,126.906024419,91.5761351202,95.9300700116,84.4098207868,105.453381951,79.9598872059,178.365929102,137.684877263
2022-12-29,117.156738535,102.447534412,126.692548443,91.7934157706,96.449688888,84.0968395912,105.758370142,79.9601522846,179.833164405,138.731476858
2022-12-30,116.965094381,102.07178908,126.795778913,92.4340953738,96.7559814943,83.998483916,105.792676362,80.220145271,178.639581705,138.381187604
2023-01-02,116.948822592,101.709771637,126.924455147,91.8776508029,96.505734705,83.9007886312,105.679288243,80.0362180836,179.68503011,137.71627935
2023-01-03,117.147022958,101.714234153,127.026007386,92.1557273341,97.1435493361,83.8455951264,105.959709508,80.0101358073,179.7037105,136.632453076
2023-01-04,117.230157726,102.004819697,127.249723678,91.8853807916,97.5477241345,83.8396957191,105.211026659,80.3441673402,178.847604358,137.938271825
2023-01-05,117.380337449,101.922274509,127.409617903,92.484761113,98.305143858,83.90105154,106.178783041,80.455722201,179.152139217,137.311712107
2023-01-06,117.13005636,101.947290314,127.418002011,92.8291353553,97.6439492774,84.2667003642,105.802477145,80.7582808261,179.477232552,136.716421176
2023-01-09,116.767246784,102.010966197,127.538976176,92.6289918632,98.6203422359,83.9269708277,105.663279298,80.2764712099,179.753960371,138.015789075
2023-01-10,116.892189333,101.976731266,127.772327797,92.8223582327,98.3327031059,83.4201232882,105.406722451,79.9624743856,181.009280698,138.428026044
2023-01-11,117.031852204,102.401197763,127.506520815,92.8060186689,98.9949174551,83.5859556086,106.253691055,80.2753525393,181.994923217,139.224344528
2023-01-12,117.200421316,102.451452254,127.642270357,92.5057335598,98.7414534156,83.8001035838,106.85938409,80.5251129161,183.868775112,137.072802942
2023-01-13,117.191248209,102.520945759,128.358064428,92.3963162247,97.8814421465,83.9161404261,106.529561304,80.2224447657,185.690273641,136.515543302
2023-01-16,117.146573258,102.513620437,128.155730996,92.3627740119,97.8873138285,84.0870391146,106.864428047,80.6286093364,184.080096373,137.197581255
2023-01-17,117.234216372,102.396579061,128.142541569,92.8506468967,97.4279554249,84.0819100275,106.69972682,80.8300742297,183.182057268,137.811468942
2023-01-18,117.29098538,102.485010495,127.896462041,93.2436294817,97.3145178283,83.6050299712,106.396473033,80.7434503857,182.216990579,139.473679428
2023-01-19,117.7681117,103.004514612,128.837565565,92.9399602389,96.6262106603,83.0386639824,106.384805811,81.2851996314,181.933719763,138.879898013
2023-01-20,117.648354082,102.966033319,129.341423947,91.9128186698,96.3529215715,83.3463385382,106.774309135,81.0734127809,183.844066087,138.196212419
2023-01-23,117.918204164,102.991919109,129.715876406,90.8681082786,96.1466549134,83.6101171869,106.886215404,81.3193004801,185.328294715,137.435526958
2023-01-24,118.255277754,103.017874778,129.909189336,91.3366178162,95.4684860994,84.1861580933,106.67872962,81.364423657,185.650012952,136.154172987
2023-01-25,118.048918768,103.1310926,129.880873308,90.8070365437,95.8246510868,83.8906518305,106.27442986,80.5547252526,186.721498463,135.716040956
2023-01-26,117.704577102,103.096158996,130.039705479,90.3550752317,96.4412037943,84.2965850738,106.788046268,80.6862937322,187.295685003,135.84144898
2023-01-27,117.551946304,103.028967611,129.512829053,89.8046708882,96.3064355925,84.177370395,106.823802327,80.4750615106,188.006572243,135.420017916
2023-01-30,117.498919,103.24897096,129.809509347,89.9177824057,95.9855354888,83.97335197,106.772879005,80.443763808,188.572958752,135.474510535
2023-01-31,117.593035377,103.095705961,129.985185276,90.1606870142,96.1490678585,83.7779668962,107.108809675,80.0926696919,188.319247735,135.183177751
2023-02-01,117.501704577,103.164829511,130.16764333,89.6879694089,95.8030043371,83.4060144941,107.773645222,80.265368378,188.267428517,135.048088084
2023-02-02,117.561841004,103.260402345,129.58099296,90.0470092455,96.245613391,83.1856656231,107.860828692,79.2261475814,187.835849274,135.834275009
2023-02-03,117.649771631,103.258814401,129.440769917,90.5953214791,96.7373264701,82.798875378,108.692111892,78.7101306607,187.097708311,135.954133266
2023-02-06,117.600824177,103.262070174,129.740659692,90.8314561103,96.3563353208,82.8426702955,107.969257898,78.2280860846,187.056584869,135.112201714
2023-02-07,117.587522187,103.491547088,129.800417632,90.1126895616,96.1589276962,83.3437136025,108.561973438,78.3389185389,186.041104068,135.545918542
2023-02-08,117.579177006,103.444518022,129.468473672,90.1752590072,95.7987783367,82.845598436,109.044356215,78.4202803725,185.968054925,136.012300688
2023-02-09,117.767271686,103.934866646,129.942038157,90.3283003437,95.6652087208,82.7761709181,109.617313634,78.5452059488,185.675056939,136.345188546
2023-02-10,117.771290332,103.490143934,129.434392597,90.620986311,95.1116194499,82.1667864499,109.407450893,78.7468806368,185.628361479,137.773457919
2023-02-13,117.876021016,103.609442702,128.973444181,91.0397540845,95.1379614386,82.7010489135,109.318425103,79.173729434,185.85606674,137.158749567
2023-02-14,118.070077565,103.459395128,128.928622492,90.8335923248,95.6126724897,82.386863967,109.179543471,78.7590569428,186.188901445,138.279477746
2023-02-15,118.147735188,103.606119726,129.067156155,91.4271118979,95.8005946389,82.5790121628,108.870399069,78.7356924115,185.890335747,137.916421363
2023-02-16,117.95748746,103.506007801,129.205804631,91.9277070086,95.8644745949,83.6888767087,108.413268543,79.1657423827,186.204331153,138.376874491
2023-02-17,118.105252521,103.776702712,129.293843516,92.502503857,96.5688020838,83.6133378907,108.41283092,79.0361804752,186.902519506,138.30299645
2023-02-20,118.448338869,103.839404695,128.809636933,93.290390188,96.5711413726,83.4304940506,108.843804338,79.6233421869,186.865764179,138.072217075
2023-02-21,118.515515804,103.626755047,128.568557176,93.9822431853,96.2718093485,83.0759588404,108.809376189,79.6964013215,185.734950222,138.435053044
2023-02-22,118.716129157,103.791283674,128.550158437,94.3316384576,97.0348926145,82.686814762,109.183165113,79.8924125391,185.062120641,139.609089885
2023-02-23,118.714680763,103.782097858,128.436677019,94.6253442896,97.1123725097,82.9567102674,109.321768277,79.790230173,184.293789372,139.263607889
2023-02-24,118.76713437,103.603166928,128.85145778,94.4562983241,97.7257700242,82.6903776872,109.139843095,80.0110546681,184.790249671,139.349969919
2023-02-27,118.966713304,103.789802473,128.471540802,95.0575760706,97.2976702957,83.242334585,108.766555867,80.0234147891,184.930397968,137.512977188
2023-02-28,119.139640459,103.555802808,128.324079476,96.0125711682,96.6690349505,83.094561409,108.973267536,80.0008037711,184.333606654,138.219277398
2023-03-01,118.870558783,103.408797678,128.541192628,95.5761607069,97.5153191693,82.9427920592,109.245504893,80.2038845964,184.140287491,137.976575402
2023-03-02,118.842150379,103.480647343,128.146567732,95.1206815558,97.9722753145,82.5532218516,109.486147075,79.8996758471,184.631842938,139.532069278
2023-03-03,118.71606466,103.318608554,127.906093869,94.9740216761,97.8324318774,82.256288622,110.030843063,79.9995024684,184.355103928,140.683019372
2023-03-06,118.395324347,103.525652709,128.298358005,95.7919201345,98.3581552477,82.3156086462,110.449461204,79.8118613146,183.974429828,140.784156625
2023-03-07,118.736939873,103.466816039,128.115983655,95.8028848565,98.616026521,82.2692045835,110.680591315,80.3038012486,184.947047829,140.858972299
2023-03-08,118.677880951,103.792381248,128.029527276,96.3495419975,99.4283761942,82.5155220668,110.28976832,80.0180181796,184.415155765,141.458853519
2023-03-09,118.881552214,104.357200586,128.323651943,96.3676297613,98.8058781651,83.0806450554,110.252882518,79.7937332826,184.174278208,140.140106992
2023-03-10,118.822343032,104.409590504,127.998325069,96.2852991799,98.6079021793,82.9821862146,109.8297636,79.8519263187,182.900947983,140.464263176
2023-03-13,118.776167801,104.561106985,128.614976741,96.4322925033,99.0142303955,83.1123073813,109.976031614,79.8512916685,182.836271602,139.784091889
2023-03-14,118.958456064,104.560826103,129.25417743,96.5331073792,98.8585073964,83.499677549,109.190706228,80.373715735,181.860132963,140.306442154
2023-03-15,118.988125742,104.661393602,129.205175737,95.1721683778,99.1226900492,83.3069567581,108.619113061,80.3181043482,181.315334936,141.360644033
2023-03-16,118.947289208,105.08045612,129.126582753,95.3336104668,99.265029638,82.9518736737,108.447117012,80.7601897997,181.244868695,140.913662463
2023-03-17,118.537384743,104.954229,129.071705509,95.4800999217,99.1421021942,81.997635539,108.825880662,80.2128340068,183.609891732,141.84824595
2023-03-20,118.470548057,104.957865669,128.785318847,95.1747354143,99.1789171088,81.6057795696,108.798920454,80.6133294691,184.781599851,142.415364248
2023-03-21,118.879606506,104.958327303,129.874115083,95.1545357177,99.7162121836,82.3758792354,108.243401256,81.1164094382,184.492020438,141.480102799
2023-03-22,118.94551829,104.782736914,129.97127002,95.1073370018,99.6511716356,82.7635596801,108.332736496,81.0100595158,184.828218383,140.110229462
2023-03-23,118.687969138,104.525618724,130.195230488,94.8751136326,100.235463415,82.5356597772,108.152846773,81.2647745307,184.572668637,141.074732216
2023-03-24,118.808143607,104.831579424,130.020447917,95.7967915144,100.302894095,83.0315192559,108.15824439,81.2458610578,186.852518251,139.585259647
2023-03-27,118.852592792,104.793546963,129.932248248,95.6330313937,100.481191063,83.0665419544,108.237328154,82.0166338996,187.682923169,140.348330031
2023-03-28,118.75646183,105.049759897,129.269906793,95.8607321567,99.9268272182,83.1117398817,108.377493234,81.7795992487,188.400843254,139.859069294
2023-03-29,118.76443488,105.136434905,129.974135131,95.4719327388,100.108231519,83.4463292663,108.543413427,82.0828685793,188.928042066,139.206756752
2023-03-30,119.0699181,105.174536287,129.985744591,95.7971251232,100.206627581,83.7213591177,108.203765424,83.127883474,190.349016629,138.886446316
2023-03-31,119.113854634,105.091221287,129.727599986,96.0312913812,99.8059708216,83.0307355713,108.452427704,82.6640195677,191.646093467,139.202722655
2023-04-03,119.244163584,105.475661351,130.104087927,96.844547883,99.5964772922,83.2112956719,108.648917466,82.2285836246,193.546182888,138.902609434
2023-04-04,119.680016328,105.367920105,129.749488121,97.0817419723,99.5044152099,83.3462858241,108.76796715,81.9884646005,192.422346376,139.058257245
2023-04-05,119.529322728,105.089612485,129.727684766,96.9860932635,100.314462619,83.6077744243,109.32503317,82.094371793,193.244539338,141.466862388
2023-04-06,119.471226573,105.148675539,129.752972022,97.4872721844,99.5300288216,83.9491413796,109.580573809,82.2935865265,194.328671363,142.585134952
2023-04-07,119.378727798,105.186922544,129.392881385,97.0296771375,100.533599879,83.6741050017,109.733257233,82.5238857098,195.148100656,141.211224429
2023-04-10,119.423001234,105.130765728,129.001357625,97.1261064646,101.105142879,83.8506683805,109.59760963,82.2788325631,193.612090777,141.942218164
2023-04-11,119.228036976,105.145051637,129.978408334,97.573475283,101.203251111,83.5565075987,109.202913823,82.4631239382,193.346531053,142.929498043
2023-04-12,119.227096295,105.844589751,129.826402445,97.5051416865,101.217311728,83.9158424271,109.327037194,82.3835109076,192.780567722,144.356007946
2023-04-13,119.367688515,105.520598672,129.54683316,98.3876979985,101.21888537,83.9128529552,109.66480405,81.9756658652,191.89343816,144.28473493
2023-04-14,119.462166047,105.67571787,129.741197461,98.3246614575,102.126826515,83.881653181,109.765414464,82.4421562404,192.96166401,144.439616981
2023-04-17,119.43961365,105.951905401,130.402819934,97.8847746484,101.924020072,84.2736513191,109.296164704,82.049033031,192.831702812,144.633185068
2023-04-18,119.317419186,106.180908023,130.362213516,98.6441618097,102.178136911,84.5580894161,109.52631423,81.7311923846,190.763094729,144.406862936
2023-04-19,119.58994223,105.937872848,130.270061735,98.5537031327,101.459536644,84.4488530257,109.467438408,81.0168378866,190.142553962,142.804414743
2023-04-20,119.720095674,106.178424068,130.448737729,98.7381714936,101.48576442,84.7397959984,109.427308599,80.9923584415,189.308293523,142.621980559
2023-04-21,119.786734012,106.283284188,130.096038575,99.0067206653,101.507072353,84.8593942917,109.014491788,81.3345569743,191.370764663,142.307469407
2023-04-24,120.29995674,106.36106421,129.897976669,98.4415941267,102.485005372,84.9497716552,108.936785378,81.1704880546,192.299167928,142.507453719
2023-04-25,120.314283545,106.757594647,129.378490098,98.8604039957,102.627816745,84.8921946715,109.149091849,80.973049439,189.226540471,142.541760837
2023-04-26,120.427177605,106.559628824,128.860099232,99.6248409328,102.451527911,84.9257634455,109.975249362,81.1058584111,191.634432696,141.365755901
2023-04-27,120.071001097,106.529543259,128.751600686,100.336685565,101.705764365,84.8526758749,110.346457475,81.0424113073,191.701965925,142.318340259
2023-04-28,119.921454419,106.420178241,128.279803967,100.127602895,101.454384396,84.5955062984,110.186993607,80.4515072706,194.141630909,142.069898105
2023-05-01,119.861843027,105.964083923,128.653741171,100.26426736,101.484986224,84.3983846464,110.402816621,79.6332932303,192.993283898,142.132666334
2023-05-02,119.990783311,106.649345924,128.696547409,100.741637781,101.985027132,84.7547906551,110.205385939,79.3729819334,193.729169438,143.307706161
2023-05-03,119.976330254,106.762389345,129.62596785,100.832286625,101.775313969,84.5886787656,110.700899997,79.1468904518,195.594638682,143.730684149
2023-05-04,120.079361894,106.667811083,129.71772379,100.9424513,100.788571454,84.3358010296,110.485860262,78.6856272189,195.858723062,144.937697923
2023-05-05,120.180571413,106.780094412,129.036961293,101.305387207,100.158742826,84.2623054872,110.631168979,78.9476368913,196.051188596,146.094433061
2023-05-08,120.096611847,106.711384146,129.046797054,102.428848416,99.7132671692,84.2921060338,110.428115261,78.3122497295,196.025444198,144.751069021
2023-05-09,120.210993938,106.436155619,128.81685466,102.337943133,100.028457804,84.1817152143,110.123642518,78.3865053265,195.985133046,145.420051924
2023-05-10,120.007367269,106.569142623,129.61304199,102.91847295,99.9402653819,83.8299894264,109.69196684,78.6855786847,194.74909201,145.596157308
2023-05-11,120.189318234,106.369242238,130.134328831,102.505844396,99.3424511809,83.9269685638,110.282482151,78.2874905763,195.422165754,145.642288299
2023-05-12,120.453446142,106.738686571,130.252994526,102.58568519,99.8900685856,84.5621627443,110.495364584,78.4691921141,195.0666139,144.04957659
2023-05-15,120.182863314,106.496036314,130.010355385,102.399993501,99.917769697,84.2669033217,111.125735201,78.6721696061,195.696444751,145.151765371
2023-05-16,120.003677327,105.949923989,130.149297575,100.957627076,100.29915643,84.1451249582,110.986141635,79.3142663066,197.537697721,146.627501373
2023-05-17,120.143541027,106.669790919,130.734231982,100.806609485,99.8056804775,84.6967833951,110.847666218,79.4862541733,198.021104362,144.836769421
2023-05-18,120.133495516,106.552346162,131.086297001,100.723795274,99.8999255105,84.4717090964,110.377860852,79.3746181346,197.007690983,144.633660675
2023-05-19,120.163775068,106.149370037,130.969397797,100.480721696,100.179204385,84.3948012915,110.325149618,79.1966089135,198.625307404,143.433693745
2023-05-22,120.172710046,106.229495166,130.981912752,100.109363895,99.4418057704,84.2667614112,110.061025004,79.7069374759,201.171671481,143.313337289
2023-05-23,120.144991009,106.639251997,130.805080994,100.134923382,98.9040005659,84.3982625883,109.925219401,79.5378799536,200.134589589,143.645374259
2023-05-24,120.369568794,106.915994695,130.26712221,100.303745274,98.7090689626,85.0452531381,109.921022223,79.8092889059,197.740698243,145.083149256
2023-05-25,120.624530656,107.305441975,130.962203851,101.223232514,98.4776726971,85.0089179973,110.170642439,79.4891750394,197.393159514,144.657517565
2023-05-26,120.347143263,107.351736925,130.707641466,100.628778536,98.3663344858,84.8947868197,110.382793978,79.6109904072,198.588515322,145.176866806
2023-05-29,120.504249653,107.56901428,130.981793746,100.510247693,98.3915903561,85.0251584665,110.405576535,80.062044587,197.365653575,144.978541803
2023-05-30,120.399712552,107.954031097,131.376646377,101.234982993,97.6322964212,85.4103339029,110.80182811,79.9249657265,197.502577981,143.715532623
2023-05-31,120.386413972,108.048719697,131.090631075,102.106858898,96.7970421793,85.7300640751,110.907270585,80.2776079308,197.626512147,143.945125695
2023-06-01,120.350249974,108.10972444,131.006540249,102.674401737,97.4993126651,85.4450594575,110.274533608,80.4583127569,198.810108981,145.750155265
2023-06-02,120.556695166,108.472898579,131.80570353,103.205214087,97.6604722399,85.1112159717,110.367155787,80.4376130853,199.238060811,145.72801061
2023-06-05,120.686259131,108.154572777,131.988859222,103.217731626,97.6179075649,84.7012051201,109.809404163,80.5438624823,199.074519222,145.296519211
2023-06-06,120.385479891,108.294635398,131.922961059,103.01344098,97.2971025429,84.6966598446,109.919270539,80.5501254746,197.499661432,145.120160702
2023-06-07,120.513693588,108.312319556,131.776719933,103.345011923,96.7829303417,84.4220807587,109.358029204,80.8375884307,197.851852,145.131415081
2023-06-08,120.510988937,108.292318281,131.338631667,103.356115466,96.3908081206,84.8814242894,109.802945122,80.5041889717,200.202029742,146.704591371
2023-06-09,120.190745844,108.134259322,131.115916816,103.910924419,96.0591851321,84.6501481201,109.747209867,80.4406086241,199.343961902,146.639724272
2023-06-12,120.053799821,108.104176157,131.398490061,104.381238336,95.5553309091,85.1030386038,110.199991145,80.4609429619,199.708400497,145.715137813
2023-06-13,120.22012838,107.912755618,132.161291857,105.131278999,94.8819947662,84.9402479504,110.353035929,80.309966915,200.422727268,145.18138467
2023-06-14,120.580417193,107.962865949,133.378817483,105.113442282,94.3822559993,85.5179907178,110.797419885,80.394054763,201.617106947,144.057280726
2023-06-15,120.199404538,107.942514125,133.835007562,105.467599524,95.1331973491,85.892999962,110.684050273,80.9408011674,202.532243875,143.895808082
2023-06-16,120.11904488,107.837633892,132.805750138,105.221230902,95.4978546333,85.7676465538,110.923576925,80.6807775762,201.11872332,145.993094117
2023-06-19,120.150886601,107.874084835,133.401151228,106.125452216,95.3106186239,86.1273571127,110.485626448,80.8008691248,202.088487052,144.81669698
2023-06-20,119.953612634,107.889398707,133.342804759,106.644339406,94.7334434958,85.4348890656,110.77001691,80.4026703453,201.386383149,142.716781417
2023-06-21,120.083703589,107.945739994,133.484911504,106.561946514,94.3633847514,85.234415268,110.540670298,80.4165986274,200.433913338,142.966182184
2023-06-22,119.950770619,107.331209995,132.955469261,107.289614789,94.1440382336,84.8885180095,110.628748836,80.1468425602,201.040899372,143.60775731
2023-06-23,119.877965809,107.081814176,132.904874686,107.847101717,93.5204759731,84.9973079987,111.03209442,79.7971811024,200.31465814,142.800269313
2023-06-26,119.517822847,107.493245121,132.605525338,107.527040082,93.2770979078,84.8595609283,110.767315023,80.2796401722,198.656192322,141.457772773
2023-06-27,119.530645394,107.29019372,132.483972307,107.330353294,93.5266586903,84.6676772145,110.431884635,79.526797083,198.588262144,141.011702568
2023-06-28,119.75369211,107.050483257,132.556542789,107.192857697,93.425261485,84.9628347037,110.338963523,79.5174648985,199.861767506,140.323613456
2023-06-29,119.974184759,106.991489132,132.573910866,107.010476838,93.8060574202,84.95714784,110.257294196,80.3116200311,200.193365129,141.19105424
2023-06-30,119.732520688,106.72358039,132.68445225,107.245766763,93.8356452384,84.8467906942,110.631374944,80.7382312321,200.833747942,140.709312904
2023-07-03,119.550962022,106.836613199,132.467181727,106.891783081,93.6998093406,84.6222047707,110.915498518,80.1987218058,201.570951532,140.336141747
2023-07-04,119.546888903,106.925289453,132.416435586,106.899910361,93.7294560923,84.6787912238,111.171988708,80.6485401988,200.217216813,139.306824634
2023-07-05,119.491974181,106.694571487,132.932411223,105.898316965,93.342258447,84.6773126077,111.151959381,80.5242744992,201.514843703,137.088275726
2023-07-06,119.778531504,106.973659874,132.68128668,105.738391234,93.5316772781,84.8434855136,110.936404621,80.0679850251,203.786580246,137.909133728
2023-07-07,119.815614912,107.047139578,132.971187445,106.046073757,92.9171905637,84.8111353001,110.750161091,80.1468540482,204.342116702,136.1829983
2023-07-10,119.533037096,106.914867327,133.04976324,106.227976931,93.9555193115,84.9136288258,110.795979783,80.951394414,203.339962251,135.918689881
2023-07-11,119.370566201,106.514398872,132.389897378,106.433272015,93.8520804531,84.6113919162,111.11306729,80.5212219542,203.066251729,136.102490528
2023-07-12,119.516191327,106.213186505,132.544900756,106.13560748,93.6909486846,84.4859998578,110.6834805,80.4644061517,201.941098104,137.305425845
2023-07-13,119.657891633,106.265481468,133.256741922,105.787242724,93.3341453983,84.225084909,111.086989527,81.2892392441,199.752079609,136.144300369
2023-07-14,119.471388366,105.989220039,132.798100327,106.385010087,93.2610564381,83.7674156305,111.137835217,80.5604192978,199.463015525,134.868636208
2023-07-17,119.631688018,106.13323552,133.489239175,106.546886127,93.0647360967,84.0217132803,110.426084193,80.179561694,198.788838371,134.500265253
2023-07-18,119.487900859,105.815460239,133.208090474,106.525553216,93.3412497732,84.0760326933,110.261934385,80.0031565962,199.261802055,135.137872507
2023-07-19,119.765687042,105.706841926,133.703759146,105.950017821,92.9751516524,83.3856650165,110.492641655,79.7874673564,197.576024823,135.721364834
2023-07-20,120.021204522,105.955206016,133.402407383,106.146591631,92.8411887809,83.6117233796,110.538782115,79.9050866346,199.259124976,135.397844139
2023-07-21,120.005393787,106.177849717,133.207725427,105.829994752,92.9824480956,83.8402934692,111.007237533,79.9153082005,196.984865501,135.059562385
2023-07-24,119.628211581,105.971908707,133.508356567,105.710594599,93.9226078008,83.569359144,110.637711071,80.1308141493,197.427680456,135.991235409
2023-07-25,119.45775452,106.01284292,133.07532999,105.095808104,94.0953184054,83.3246025407,111.011759903,79.9307196333,197.315569853,135.444559404
2023-07-26,119.432081819,105.578659483,133.327506252,105.344718974,94.1776874705,83.0821488721,110.91306008,79.8187452377,197.545142052,135.728334174
2023-07-27,119.550223344,105.258994591,133.47855988,105.434580188,94.1571494603,83.3541675044,110.874686778,79.6415019985,196.702321529,135.330402057
2023-07-28,120.171581742,105.611867122,133.611305827,104.991479134,93.438855411,83.4131538107,111.155856191,79.7464951831,195.600449204,134.019389778
2023-07-31,120.217064028,105.41059389,133.247689988,104.698132417,94.0646517894,83.4668291484,111.832114731,78.663395055,196.739492173,134.03374428
2023-08-01,120.45813481,105.817631907,133.572141614,104.405822616,93.683499297,83.7246004388,112.110471766,78.7641406124,197.038414509,133.826338394
2023-08-02,120.496529597,105.954863924,133.768103719,104.606315338,93.433240703,83.5931296066,111.960783217,78.1794324446,198.420090854,133.381309806
2023-08-03,120.567875275,105.894690612,134.115663226,104.633557533,94.0972147121,83.5307407727,111.976509558,78.7357745244,195.759946422,134.91029575
2023-08-04,121.047009118,106.035412103,134.727333181,104.168095798,94.0889964452,83.4015856396,112.532561884,78.1327899996,195.905218885,135.034256184
2023-08-07,121.136369935,105.715370743,134.601419825,103.989618414,93.7273572313,82.6958453145,112.320891368,77.9236822002,197.294428999,135.835870493
2023-08-08,121.528773884,105.853308747,134.624245391,104.087113119,93.4832264592,83.1661476116,112.471764958,78.6163710073,196.672192574,136.226746109
2023-08-09,121.822743193,105.814677561,134.678406852,103.976108044,93.6996823497,83.3577431742,112.299967537,78.6895741526,197.023894245,136.682877203
2023-08-10,121.937831667,105.8743109,134.504872418,104.46589474,93.8438023423,83.0934918719,112.414466151,77.7418622494,198.509395039,138.043674789
2023-08-11,122.13421599,106.193169874,134.760553101,104.274175232,93.8686749294,83.1953668177,112.284724216,77.8588672732,198.619064381,137.642708942
2023-08-14,121.88957775,105.957792449,134.468640941,104.537673136,93.8599127621,83.1104665814,112.149618057,77.7803753247,200.5516368,139.25907165
2023-08-15,122.200096325,106.052515158,135.074605049,105.16952271,93.4386199484,82.9680876786,111.702515331,78.0598410059,199.085594232,137.65370993
2023-08-16,121.844099968,105.408355458,135.058168282,104.483054397,93.187138591,82.8119077138,111.729586163,77.326949998,198.399635434,138.064958317
2023-08-17,121.725568144,105.309480326,135.574698469,105.20672101,93.3802987605,82.5671377148,111.537859655,77.6802455785,197.517480318,138.579732829
2023-08-18,122.149482491,104.927210443,135.267667709,106.162931966,93.0067491881,82.7468550822,111.75715802,77.9973368235,199.83435902,138.77866253
2023-08-21,121.853281533,104.700144145,136.286435747,105.544842567,92.9953558896,82.0645817082,111.46494922,77.950508368,200.929768051,138.71033996
2023-08-22,121.914888987,104.413544324,136.933119476,105.307736036,92.4909394064,82.2784105489,111.658564991,78.1699724574,200.834254071,138.319518248
2023-08-23,121.677729286,104.286356761,137.114508338,105.717142308,92.7514671782,81.980280674,111.934614126,78.0768067762,200.462922316,138.26699358
2023-08-24,121.994652923,104.837256723,136.539643688,106.363921995,92.9916500301,82.1969963361,111.862428449,78.4054382302,199.593873813,137.713651953
2023-08-25,121.947951106,104.687580412,137.869500523,106.62405196,92.8481726695,82.4346080493,111.533613466,78.6117189238,199.221171581,136.893829806
2023-08-28,121.595711109,104.541398138,137.679550313,106.68774865,93.2029900082,82.1544252881,111.545665383,78.7683730936,198.670859629,135.848346105
2023-08-29,121.80103307,104.421886078,137.301788694,107.007399299,92.949620232,81.8460379271,112.345196476,77.9761106627,199.45890871,134.234643011
2023-08-30,121.806397859,104.144273281,137.721192378,106.609983934,93.5817206474,81.6827289434,111.855845738,78.0099397404,199.45019249,132.96127112
2023-08-31,121.398396901,103.806208012,138.093439371,107.17927566,93.5965341417,81.6752611502,111.064518333,77.7745372415,199.42709986,133.317546205
2023-09-01,121.587121994,104.080347535,138.61361824,107.259346369,93.5372829527,81.9397429472,111.317923834,78.4497189522,200.750659553,134.354609417
2023-09-04,121.550432111,103.646692898,138.774420866,106.70967397,94.0147620767,81.6538009678,111.456946584,78.4263072722,201.80975861,134.449426112
2023-09-05,121.633747128,103.833506581,139.677635612,106.112277153,94.0356501314,81.9600422258,111.186748713,79.0354883773,203.894243011,136.077860535
2023-09-06,121.620037735,103.119952511,138.949805701,106.326130415,93.8196637152,81.7131776883,111.457688711,78.6499419306,202.94047126,137.27328263
2023-09-07,121.801170205,103.191478196,139.417592573,106.371072371,94.3136230058,81.9050561571,111.813212171,78.3574809399,202.712439907,136.58000065
2023-09-08,121.631462409,103.435349286,139.880745245,105.384218063,94.6186714631,81.9994380716,111.621570921,78.0040560376,201.091157204,136.469898042
2023-09-11,121.428788774,103.532140476,139.727404052,105.208854626,94.8185093552,81.8745024142,111.198583743,77.4813179728,201.269004169,136.998157313
2023-09-12,121.882739843,103.617067045,140.36950654,104.327574334,94.3644048413,82.0932353869,111.426229343,77.0664574231,200.581592921,136.292918836
2023-09-13,122.001038591,103.373903478,140.323162774,104.536586893,94.3545237918,82.1384338651,110.912387141,76.8859309,201.985450592,137.657002073
2023-09-14,122.179985721,103.698150191,139.386272193,104.46560191,94.0720801979,82.6635160798,110.827590443,77.0247927652,202.630075341,137.913930477
2023-09-15,122.338102516,103.55695777,138.3025445,105.028450617,93.7348717517,82.3698968165,111.003212175,77.2679939866,203.609842047,138.607411373
2023-09-18,122.163234141,103.411894904,137.963814681,106.005749373,92.7528441596,82.3907496419,111.309157474,77.4142803707,204.509326156,139.353955695
2023-09-19,121.686670675,103.923035319,138.269729345,106.336526271,92.6461255984,82.1518649479,111.818181905,77.5152454463,203.219388111,139.586625079
2023-09-20,121.96635349,104.312614872,138.617423583,105.698154128,92.9151924714,82.4231209465,111.204527491,78.2022577881,200.110685354,140.360619279
2023-09-21,121.887685363,104.546783372,138.966025921,105.549025769,93.1652138252,82.4777528872,111.422291922,79.1727280474,198.175835309,137.380796844
2023-09-22,121.877070426,104.490526567,138.870124901,105.231590016,93.3606674699,82.2214870293,111.597932738,79.4380916937,198.602890615,137.706301789
2023-09-25,122.14007305,104.588500777,138.799571576,105.453692702,93.4802760532,82.4787829136,111.009830325,79.4350197359,197.315944641,138.068166483
2023-09-26,122.220867526,104.495345538,138.224499479,106.16720475,93.1917230386,82.7113962003,111.646730074,79.5293072848,197.855960984,139.729748322
2023-09-27,122.351925656,104.50536191,138.064548114,105.82268171,93.3544324474,82.9884085345,111.030343511,79.8218113346,197.182174482,139.964462769
2023-09-28,122.198809715,104.357622438,137.313139543,105.339667846,93.4340844369,82.918379568,111.199061272,79.1898894942,197.518069183,141.844831001
2023-09-29,122.332036692,104.248550312,136.965011342,104.682630318,93.5522008089,82.9355919505,111.508084251,79.2286577594,197.662183211,141.654292662
2023-10-02,122.427286584,103.810097048,135.897214493,104.292124311,93.5694957872,82.9051302611,111.273411905,79.463759433,197.66771516,143.209220827
2023-10-03,122.073174506,103.424924112,135.559152356,104.849779854,93.4006503348,82.7633643672,111.514398362,78.5195613664,197.684901019,143.126787791
2023-10-04,122.110188242,103.685926633,135.571769402,103.895107096,93.4997312746,82.7148030252,111.610306779,79.2571313858,194.350554002,142.081698373
2023-10-05,122.273020148,103.301556031,136.126132514,103.95808179,93.4476040642,82.521560291,110.942141812,79.393998092,197.53967037,143.903199214
2023-10-06,122.327598105,103.072585438,136.661026258,103.803646705,93.5586499877,82.6325639855,111.029554504,79.790611444,199.057232475,143.374606904
2023-10-09,122.329440329,102.539111355,136.814544958,103.123727087,93.6804084738,82.6733927983,111.021275324,80.2254983035,199.789104293,143.108658497
2023-10-10,122.836593439,102.91544207,136.790283775,103.13053075,93.7134233033,82.8329483205,110.650777413,80.6330155397,201.400152265,143.861122123
2023-10-11,123.068720835,103.265242233,137.605188037,102.82060297,93.8183757988,82.2710806399,110.808688203,80.5160919043,202.402399046,142.721726127
2023-10-12,123.066727346,103.484257716,137.209461344,102.832123482,93.9449599634,82.5535324012,111.437412569,80.425582723,202.663841048,142.867392516
2023-10-13,123.340862115,103.684693188,138.157684997,101.613295081,94.1135881034,82.7117269954,111.462948141,79.5932976169,203.099285695,142.256715084
2023-10-16,123.723109889,103.849856186,137.900247639,100.722372732,94.4830374859,82.9755531754,111.297426207,80.1796679613,201.950344667,143.057085557
2023-10-17,124.10172568,103.653560164,137.475003965,101.489203578,94.7927401174,82.9422360058,110.601264371,80.7979660935,199.508490973,142.197764468
2023-10-18,123.872910018,103.453116908,137.707261539,102.262435718,94.8241030683,82.5813185612,110.663187198,81.3760020425,198.627749194,143.246801534
2023-10-19,123.562317543,103.303294665,136.937418449,102.395618653,94.7441435064,82.556139733,111.367347824,80.8721928756,196.720202093,143.42810712
2023-10-20,123.765944288,103.546685486,136.976913545,103.157544333,94.6205278853,82.6628294217,111.056030368,80.3618175386,196.86036424,143.264521312
2023-10-23,123.252715475,103.255096857,136.588536485,102.840497707,94.7310856557,82.5874587304,110.899672087,80.0866163507,195.448274766,143.64950219
2023-10-24,123.414560817,103.206720935,136.647916345,102.303684404,95.5639524034,82.7095030666,110.988662751,80.5965140578,195.016847617,144.085143868
2023-10-25,123.337199771,102.809108109,136.909133334,102.239047608,95.6670232211,83.0041082136,110.679133592,80.1666322265,193.76734786,142.637383177
2023-10-26,123.300884028,102.493078067,137.278764771,102.472931994,95.588829293,82.7724132316,110.85010442,80.560775347,191.219950723,143.11197436
2023-10-27,123.168228557,102.724012184,138.1112559,103.835114315,95.2043205183,82.7623890267,110.644364713,80.8869801329,190.160764051,141.537179158
2023-10-30,123.164658392,102.888565887,138.073430988,103.669672625,94.7815009666,82.6542769131,110.390903976,80.3603028382,191.5765114,141.324219691
2023-10-31,122.895831105,103.232652827,138.460041012,102.957385263,94.7522285553,82.5520286981,110.668104057,80.351054619,191.524064761,141.099232449
2023-11-01,122.570906232,103.637156507,138.715121592,102.842893983,94.7790952284,82.7729218174,110.659770159,80.9795634316,194.788925477,140.940155188
2023-11-02,121.985292378,102.994511399,137.027752207,103.566935446,94.9743371974,82.723857123,110.885763575,80.4278582949,192.904886578,143.017203226
2023-11-03,122.065359059,102.965637016,136.686393488,103.496658788,95.5093299642,83.0443615466,110.830335061,81.5125636012,193.6732881,142.952545217
2023-11-06,122.727195119,103.036288326,137.279530083,103.470517351,95.7730099159,83.1213444507,110.908537614,82.7752642536,194.159532497,143.055145725
2023-11-07,122.585719428,102.949762803,136.879068141,103.501401092,95.8984090339,82.9088351255,111.807541667,82.7752681589,196.015414767,144.082036862
2023-11-08,122.407292091,102.849748833,136.241550759,103.556391339,95.7928012121,82.5055455738,112.019345653,83.069378779,196.039152041,141.715024574
2023-11-09,122.507623576,102.664724045,136.159487143,104.0810223,95.1516463818,82.5158371582,112.243882785,83.2154018345,194.406499405,143.083181233
2023-11-10,122.566091076,102.950905666,136.328578846,104.292711743,95.5123672604,82.9593932668,111.539586614,83.3211768974,193.947689301,142.60728266
2023-11-13,122.984305249,103.095076049,137.619194858,104.152789119,95.9421468058,82.7615543987,111.40884897,83.0283558767,196.304938297,141.816865661
2023-11-14,122.965089609,103.030057511,139.036136795,104.437746576,95.8543625146,82.6720413788,111.730437687,82.4921708566,194.811910684,140.689605954
2023-11-15,123.000348796,102.877415062,139.692669384,104.847941353,95.6758169159,82.9567262807,111.468154466,82.4738617833,195.210318365,138.355412839
2023-11-16,123.13033894,102.725357743,139.2982817,105.679443637,95.6242043382,83.2365580536,111.444830971,82.9192681255,194.109881676,137.927907823
2023-11-17,123.794622136,103.311142767,139.441937798,105.365917318,95.2326557375,83.6705010805,111.940744309,83.3746835033,192.254594902,138.043801801
2023-11-20,124.091024934,103.39318121,140.353947137,105.045465889,95.3521107626,83.4575626578,112.342073365,83.6095904356,194.371275947,138.414663227
2023-11-21,124.034480739,103.288343986,140.367863425,104.621095671,95.9394965268,83.8264198823,111.698579133,83.9801962254,193.896423371,137.682269111
2023-11-22,123.944282054,103.522630874,140.583280916,105.078222891,95.9058811892,83.7216457647,111.377429638,83.9852781961,194.189063322,138.798153106
2023-11-23,124.555381869,103.939770064,140.615878835,104.354176511,95.8900972707,84.1890433237,111.533049731,83.3703375921,197.420694211,138.986710952
2023-11-24,124.517207864,103.495455992,140.369166457,104.996971096,95.6500435581,83.8287287565,111.705378431,82.3357746185,200.811944682,140.068648772
2023-11-27,124.31067459,103.257245888,140.180902241,105.58342355,95.345037271,83.6222576898,111.122507389,82.5206675786,199.496731657,141.856389987
2023-11-28,124.268033738,102.783223949,139.224947444,105.800572586,95.3456992032,83.8154683098,111.19238804,81.609345732,198.084816086,141.519266126
2023-11-29,124.563217864,102.765363994,139.410917745,105.739198781,95.0989238714,84.0776283048,111.689745772,81.9446150962,196.627689985,142.248642963
2023-11-30,124.451205951,102.932127584,138.962050446,105.998446045,94.7889306016,84.0739450498,112.027452049,81.5202683302,196.188535833,142.668630571
2023-12-01,124.045108728,102.149500334,138.966427294,105.581579096,94.9286357479,83.9139711535,112.476040833,80.8997914376,195.986314443,142.925813048
2023-12-04,124.012479885,102.004352863,138.590080324,105.096457832,95.3324047189,83.7682700118,112.761389778,81.2332375553,195.538146886,144.100113737
2023-12-05,123.768992546,101.638467694,137.439189056,104.070200394,95.4830898559,83.4022548658,112.995625576,80.8365372696,196.956344684,144.504827929
2023-12-06,123.858129931,102.131979808,137.249687987,103.764193583,95.539129455,83.477647972,112.650189025,80.4777274516,194.323616434,145.347728032
2023-12-07,124.072857057,102.567314253,137.195863505,103.686335941,95.3747093391,83.1243688751,111.994431495,80.5387332032,194.765987097,147.054164948
2023-12-08,124.037128397,102.120208618,137.178638805,103.401573749,95.3508764759,83.1700110432,111.560088293,80.5615899439,195.74826354,148.486306208
2023-12-11,123.988375247,102.314394946,136.809210242,103.394868659,95.7309314314,82.7891391923,111.396094655,80.8933350893,195.527534238,148.425937923
2023-12-12,123.804214727,102.316304017,137.090668481,104.020616649,95.7324089307,83.005815516,111.421316335,81.292250102,193.745710764,149.939321847
2023-12-13,123.79003652,101.482838746,137.770410684,104.094072081,95.6484394271,82.8345456137,111.5891679,80.8629906597,193.039553562,149.545356255
2023-12-14,123.57929568,101.192100561,137.979420358,104.259041403,95.769012383,82.8440413907,111.58542764,80.1908550895,195.466704146,150.675887999
2023-12-15,123.754354515,101.224056591,137.643987181,103.146301032,95.6928675518,82.8162460497,111.616500199,79.7977571992,192.859794341,151.243371141
2023-12-18,123.626689527,101.200835818,138.260951418,102.652456401,95.6914208584,83.0886122771,111.772712089,80.3551074987,193.314138499,149.650575489
2023-12-19,123.49432156,101.035661203,137.64312454,103.029605204,95.2883610427,82.9775071476,111.837451157,81.0351433353,193.983013376,149.870135793
2023-12-20,123.564970757,101.183484581,138.250383889,102.531237797,95.0895360148,82.6708248493,111.957728563,80.6782963045,197.710048459,151.087032461
2023-12-21,123.664582844,101.199039109,138.10987683,102.222574414,94.8654764575,82.4883634165,112.143032759,81.0849191838,198.377318302,152.128125566
2023-12-22,123.773832168,101.082361911,138.102665985,102.284464335,94.897252243,82.51596924,112.030741646,81.543393935,197.03922616,152.637982361
2023-12-25,123.575540816,101.162056979,138.257104395,102.277862928,94.5192979906,82.1530217032,112.526476464,81.1480964105,197.88124001,152.243265981
2023-12-26,124.073430089,101.4569688,138.699833047,101.810760754,94.4725752532,82.0577545754,112.391579614,80.580547182,198.265926857,152.940523515
2023-12-27,124.003900588,101.16273814,138.644904536,101.733743397,94.5635232558,81.9670991346,112.048092417,80.3596990587,196.606593648,153.852641331
2023-12-28,123.492916955,101.205585468,137.30957499,102.023960194,94.4109033648,81.5244712916,112.208323583,80.4063384876,196.513787253,155.264217727
2023-12-29,123.241955728,101.110430774,137.013068262,102.151944111,93.8762857547,81.5260121252,112.069926575,80.9061240928,194.514273564,154.576277658
2024-01-01,123.560803166,101.180238974,137.363703855,102.11929034,94.0516654802,81.9184871645,112.170468344,80.4639121505,195.536944493,154.1734362
2024-01-02,123.624112473,101.392027681,137.035045806,102.099661657,94.0633727994,81.8572838862,112.576423241,80.0822719562,194.326596481,155.705009657
2024-01-03,123.473603879,101.593689442,138.139855742,102.043575658,94.3823352156,82.1716078815,112.544510559,80.3636174662,191.44795509,155.039060659
2024-01-04,123.411927696,101.482720475,139.282550167,101.76999677,94.8049419529,82.3454613518,112.805675623,80.3173649709,191.472066986,155.123953528
2024-01-05,123.673846309,101.61207483,139.721142108,101.544517001,94.7619817043,82.8145035808,112.682748463,81.3069581711,191.414861475,154.743180919
2024-01-08,123.636680161,101.453335908,138.781718832,101.683995064,95.4705405211,82.9082691066,112.879913653,81.3342029012,192.57487291,154.843948407
2024-01-09,123.785992955,101.09438069,138.687715961,101.674538463,95.8184771563,83.2308467523,112.149225125,81.0497091743,192.775953115,153.995413968
2024-01-10,123.856910325,100.557689468,138.533668427,101.624111512,96.2005677894,83.028163063,111.149886537,81.4779525629,192.443020218,154.910430878
2024-01-11,123.931732871,100.903668275,138.974122819,101.920980982,96.1910174532,82.748468722,111.151693813,81.6889773332,193.070184437,153.376651026
2024-01-12,123.817700183,100.934099844,139.075637145,101.199350411,96.9040689175,82.3727859159,111.890901476,81.8398014027,193.866418314,153.968743999
2024-01-15,123.803984819,100.975814648,138.822218825,101.001780754,96.8852916127,82.3103480251,111.75574368,80.9296214968,193.908721872,153.546308643
2024-01-16,123.547561612,100.961512078,138.882605945,101.250820631,96.6296032154,82.48378754,112.520519812,80.4847853505,194.692517892,155.070172272
2024-01-17,123.661544228,101.091952244,138.784256175,101.379374529,96.628055226,82.0948632196,112.422575642,79.9687293292,195.034174855,154.284859844
2024-01-18,123.761193173,101.103220472,138.002175741,101.70682085,96.3934031919,82.2266021913,112.177559704,78.9033390801,198.302313917,154.352407746
2024-01-19,123.712982361,100.794760687,138.013946654,102.262105024,96.4353212556,82.369184064,112.265702835,78.2228782348,197.913713142,153.60698665
2024-01-22,123.958967492,101.343499432,138.246207672,102.295031571,96.0864094336,82.5673796249,111.753685877,77.8530493878,199.016735724,153.047843165
2024-01-23,123.84262354,101.248583483,138.537361852,102.345708061,95.9356902576,82.3778792485,111.683661344,77.9262410058,199.040628901,153.048318036
2024-01-24,123.847887612,101.235663863,138.187732381,102.667295938,95.8700461135,82.4186200596,110.788958358,77.8989863235,197.579892293,152.219829242
2024-01-25,124.546589288,101.275315846,138.948170397,102.610103725,96.1214388327,82.3334809893,111.677106749,78.026621348,198.600118192,152.68773581
2024-01-26,124.223331998,101.121219682,138.542781952,103.03905431,96.6068322851,81.9454641437,112.037668224,77.7815370425,199.641247252,152.59706079
2024-01-29,124.415389397,101.156495729,137.970918167,103.274075304,96.6352544215,82.1118453168,111.482403785,77.7366772448,198.63568,151.931526582
2024-01-30,124.037193854,101.12744897,137.192574634,103.409564284,96.7008449812,81.5781472439,111.140115917,78.1113766254,196.727318354,152.334745324
2024-01-31,123.959568348,100.664387645,137.025421872,103.620166472,96.6396794252,81.436640088,111.606262517,77.6897887449,197.169117503,151.700304267
2024-02-01,124.488430449,101.333852308,136.553115069,103.374362847,96.6274091461,81.9115043641,111.325236389,77.9766798244,197.264463126,150.51177485
2024-02-02,124.857042298,101.599190389,136.567947724,103.705179543,96.2887299961,82.2390195705,112.050704011,78.2894395294,197.739203862,152.50999173
2024-02-05,125.087006938,101.818145188,136.886758051,102.995832132,96.8141818636,82.299277294,112.398808358,79.3089428777,197.916831456,151.693716132
2024-02-06,124.977720857,100.849915135,136.997397032,102.66257556,97.0152191026,82.0777672471,112.439587251,79.7071927894,198.579441221,153.729684569
2024-02-07,124.970425806,101.041639438,136.972394872,103.225702857,97.0972450726,82.674932251,112.223572248,80.6411936103,198.426704846,154.233212294
2024-02-08,124.47680616,100.92722292,136.387564293,103.083276836,96.9350244837,82.5239100261,112.744166917,80.7454688459,197.121873846,153.044277108
2024-02-09,124.624792114,101.449933471,136.016584617,103.675145116,97.066380625,82.1765312729,111.939653002,81.4365174298,196.62062371,154.15149074
2024-02-12,124.178527794,101.394653498,135.84746137,103.759974934,97.0138272156,82.031143019,111.966818597,81.5094738659,196.740316846,155.301458853
2024-02-13,123.556062496,100.542101409,136.057830447,103.29183822,97.1874793378,81.6985230606,111.68277831,80.6686905621,196.114876,156.421443692
2024-02-14,123.932466389,100.92907267,136.180375836,103.551295159,96.7391476382,81.3155975168,112.085653722,80.7499759582,196.627168253,157.233024086
2024-02-15,123.152583462,100.725239815,136.309882717,103.914669424,96.8306573246,81.0021539579,112.660410255,80.5794732025,198.768078015,158.043927324
2024-02-16,123.195579982,100.685370731,136.62335274,103.049069377,96.7622503093,81.0200253473,112.828715784,81.6491171705,198.936514502,156.245624258
2024-02-19,123.117954876,100.83676711,136.855500052,103.394986533,96.9572904345,81.2713442377,112.846134706,82.1080732992,198.308369624,157.049659053
2024-02-20,123.07451453,100.461412148,137.111120391,103.937612068,96.8056697456,81.6487646511,112.083939115,81.5864008229,198.060303994,156.65063136
2024-02-21,123.071776087,100.539656546,137.072752174,103.66043366,96.7643561625,81.4825776172,112.259388658,81.0155232476,197.624334536,157.408158974
2024-02-22,123.870827633,101.073001023,137.641355776,103.220639699,96.5857990256,81.8636336796,111.417382053,80.9022594123,199.210523715,156.231594899
2024-02-23,123.973423923,101.164816641,136.978403309,103.267049505,96.416065355,81.9295565928,111.765144381,80.9685674815,199.528116633,156.555018793
2024-02-26,123.678375349,101.168570395,136.638127796,103.578380055,96.6040920029,82.1020256864,112.530554479,80.8756542461,198.777937377,156.250541601
2024-02-27,122.867330993,100.506887721,136.368245832,103.701725436,96.3124913645,81.8952002601,112.17451424,81.0134698113,198.330798991,155.796754706
2024-02-28,123.196242353,100.685696737,135.922942272,103.455877686,96.2229454887,81.7069010271,113.179530123,80.9726564417,198.686556762,156.067477649
2024-02-29,123.331561243,100.461358882,135.490974792,103.995476222,95.7221687096,81.8742217225,112.416542807,80.656383366,196.783923068,155.191662053
2024-03-01,123.800645545,100.814021211,136.171806448,103.385202349,95.4664923314,81.9782355416,112.870784227,80.2448357766,196.58600509,154.293528664
2024-03-04,124.202181969,100.628421388,136.05024149,103.669914694,95.4821586229,81.6322311936,113.567619586,79.1384181016,198.853333867,153.047655356
2024-03-05,123.86200661,100.714150441,136.16840868,103.461723941,95.46552225,81.1797030032,114.359739579,78.8548331937,200.785595283,153.880037415
2024-03-06,123.587762332,100.66608736,136.187464342,103.12476241,95.318181741,81.2066277406,114.700075154,78.2630003784,202.871810748,154.639098394
2024-03-07,123.261149046,100.633312132,136.165055539,103.145818148,95.612756725,81.5211867224,114.172841327,78.6915196103,201.990810759,155.404665655
2024-03-08,123.663286753,100.563391252,136.487318335,103.231539897,95.352943255,81.7850595275,114.646164356,78.2708161441,203.976251813,154.786765425
2024-03-11,123.33310143,100.130704236,136.57312104,102.956778586,95.7594989459,81.7260494607,114.463254108,78.8695517777,203.124552583,154.157072321
2024-03-12,123.769612573,99.7371262174,137.379107909,103.136197344,95.3237148611,81.6857590519,113.618844353,79.3391408263,201.073806081,154.151872491
2024-03-13,123.549849011,99.4803018527,137.45961221,103.367842415,95.6228943928,81.4427415917,113.615712462,78.8911312051,201.387449014,153.732679673
2024-03-14,123.438626092,99.3820063169,137.431580742,103.775651086,95.4266547542,81.3312208112,113.452594821,78.5002246688,200.965642161,154.19814367
2024-03-15,123.339339177,99.4182567628,137.407514323,104.486120766,95.3109546536,81.2532756097,113.238331529,78.4413569795,201.292183975,153.072477206
2024-03-18,123.153208866,99.3361722015,136.953230553,104.38646064,95.3860582738,81.1428604373,113.854424104,77.7269216241,203.915698121,153.306337052
2024-03-19,123.024579663,99.2304913119,135.891596063,104.311394001,95.367451708,81.2882923003,113.016788468,77.388857506,203.422289073,153.811193438
2024-03-20,123.230348471,98.9663793766,135.352707676,104.271229122,95.7662820501,81.2441660367,112.536327092,77.2693484157,204.086320954,153.661438778
2024-03-21,123.454286434,99.214271549,135.329447927,103.731846507,95.8601575848,81.1924581305,111.908042876,77.8594327996,202.997865442,152.234913778
2024-03-22,123.668285861,99.1645594767,135.565910545,103.712451232,95.8198770488,81.4765514634,111.889207132,78.5615318135,202.048400389,153.514044957
2024-03-25,123.119427926,99.5716392684,134.939110124,103.844976685,95.8898863719,81.3801111158,111.995077983,77.6130983081,199.374179082,156.124560838
2024-03-26,123.092509844,98.7523907858,134.965909562,104.2702643,95.7059748465,81.2535029357,111.859990392,78.279188239,198.945302701,157.154494986
2024-03-27,123.472619775,98.6581525557,134.445539599,103.956639984,95.8750527331,81.2460440672,112.312781218,78.5437616359,200.167751282,157.10424579
2024-03-28,123.656131572,99.2946029626,133.900049595,103.958969357,96.3317317549,80.9590071876,112.878051679,78.9874121683,198.735630813,157.77864692
2024-03-29,123.675676364,99.3371479547,133.877053173,104.248062673,96.3348071701,80.9093863641,112.682363845,78.9487209122,197.457107947,157.343040271
2024-04-01,124.050910349,99.7538219824,134.723825733,104.216983299,96.2220376848,80.9376727798,112.77637231,79.4168164596,196.899777769,157.086119935
2024-04-02,124.260654628,99.7505975634,134.807223715,103.661472203,96.1256773745,81.0609584791,112.811780182,78.5298685371,199.234542594,156.646255221
2024-04-03,124.085461377,99.7121361405,134.695640941,102.852699567,96.3630775639,81.255255315,113.214744969,77.4583219619,201.866458033,155.92360052
2024-04-04,123.965567209,100.151499622,134.966014255,103.097107304,96.0879793535,81.7155375155,113.135595652,76.9622256473,203.018576884,155.741745552
2024-04-05,124.132384041,100.11306755,135.984645892,102.640602281,96.3501868405,81.7776786911,113.067385093,77.243408645,199.777901958,156.099569907
2024-04-08,124.153154127,100.22179223,135.667020827,102.961301847,96.3664395837,82.0194583897,112.792448445,78.0722144193,200.209945411,155.901104887
2024-04-09,124.65665123,100.457527957,135.646539194,103.000288727,96.0754740768,82.2457354824,112.99377057,77.6060320022,200.539046449,154.508121503
2024-04-10,124.496390532,100.336640777,136.306897135,103.37878694,95.8377401181,82.1756768314,113.185352525,77.2313674336,200.772161468,154.480528706
2024-04-11,125.120766559,100.257291848,136.518079847,102.716539658,95.8879360122,82.4458813005,112.816400311,76.7669719086,201.959615063,154.524055004
2024-04-12,125.488065483,100.262560838,137.49904689,102.472408207,96.2995863246,82.7441452278,113.502770403,75.9643466907,204.204213449,155.020221628
2024-04-15,124.917712642,99.9250818471,137.660204082,102.513815954,96.2301972577,83.1051970959,112.934986088,76.0471294886,202.805834699,155.241741248
2024-04-16,124.404814684,99.8083456833,136.847176723,102.615112465,96.35419751,83.3049476287,112.502324934,76.3170471793,202.302996471,156.208047525
2024-04-17,124.081391601,98.7067987637,137.068144776,102.317109008,96.6126791756,83.2928131838,111.672351014,76.4983595775,202.382970364,156.799540049
2024-04-18,124.203510417,99.2894748518,136.904082371,102.17334701,96.5763636737,83.6503911663,111.380396109,77.5968595465,201.947852211,156.358901727
2024-04-19,124.512183853,99.6642500829,137.167016212,101.755414062,96.6279991933,83.7522135354,111.856569236,77.2945712906,200.351209092,154.453856148
2024-04-22,124.630480561,100.096434412,138.016776945,101.846605841,96.1927591611,83.7438355142,112.64604751,76.8167915498,203.155773806,155.535175703
2024-04-23,125.081181745,100.038255478,137.711779878,102.010708202,96.3128644509,83.3719428785,112.267333706,76.1572695247,203.122070332,156.832506843
2024-04-24,125.043718624,100.129357321,138.313931992,102.149363594,96.4437691392,83.5514996758,111.805092388,76.7658507581,204.66332251,155.370567511
2024-04-25,125.421854624,99.7883519743,138.471233139,102.146564797,96.4486820541,83.3692313646,111.401183802,76.7231174556,204.774543325,154.646493683
2024-04-26,125.177799614,99.6123083018,138.181438776,102.660611645,96.2051593301,83.799117463,111.076696741,77.0196406983,203.632534307,155.244292976
2024-04-29,124.886267671,100.207883453,138.679108255,102.650679091,96.5189204881,83.8386142703,111.141438896,77.0672748437,204.337005352,154.535739132
2024-04-30,125.096653536,100.518243014,139.375074413,102.226322101,96.7015426838,83.6853249716,110.186730319,76.8286741056,205.666087118,154.463522288
2024-05-01,124.628482267,100.478187258,139.04732663,102.728314066,96.491165865,83.6840281841,109.85589732,76.6498075962,202.401098717,154.069067742
2024-05-02,124.606264013,100.380069108,138.942331914,102.189960256,96.6634486605,83.7494053621,110.51340296,75.8208622129,203.170524858,154.208618669
2024-05-03,124.563062953,100.59351845,138.509278252,102.379366822,96.5574108634,83.7150167129,110.311358735,75.9109277498,201.673275393,154.71610148
2024-05-06,125.054116656,100.275719994,138.653348901,102.500280201,96.4853712885,84.0244805054,110.223955501,75.7007084015,201.028472857,154.943200101
2024-05-07,125.064324468,100.394603347,138.417892311,102.23404491,96.5561762241,84.2916410858,110.71143623,76.1981103273,202.411402626,155.540283022
2024-05-08,125.204245166,100.808991757,138.86087832,102.036722354,96.7226126213,84.3255382201,110.611439481,75.3537694195,200.645162638,155.320611895
2024-05-09,124.479926979,100.414978234,138.806670803,102.111441434,96.556339654,83.6740894728,110.993655642,74.6815521636,200.266677208,155.297153834
2024-05-10,124.017213636,100.470544867,138.831138577,102.019404157,96.6392880564,83.7017508362,111.165732051,74.4563156159,199.525234892,155.417524963
2024-05-13,124.114891798,101.213881162,138.72694852,102.267377401,96.5500559271,84.118680363,110.824978841,74.9188664923,199.650396729,157.101425612
2024-05-14,124.334883193,100.855000499,138.722187402,102.603048453,96.3985498123,84.029363896,111.434275599,74.3677032717,200.433843298,156.530726883
2024-05-15,125.212429148,100.699983555,139.22137606,102.382444937,96.4494658348,83.9130056473,111.050496656,74.8831005621,199.783635115,154.819903138
2024-05-16,125.419329827,100.497933678,139.542540663,102.36195195,96.3110852686,83.9449379061,110.548271711,74.4455785639,199.782472948,153.962927161
2024-05-17,125.769522035,100.417939187,139.173469759,101.903681135,96.440890724,83.8642103025,110.88976911,74.7325253839,202.9181924,154.8885952
2024-05-20,125.167180774,100.211190569,139.008001292,101.971624514,96.3729143015,83.6760883156,110.214410233,74.5253764617,202.090083883,154.812527976
2024-05-21,125.068805075,100.688760072,139.439507624,101.505684488,96.4014336388,83.4556277213,110.878440512,75.5434917529,201.778125538,153.953737626
2024-05-22,124.867268812,100.488148337,139.447278211,101.696116654,96.6980786136,83.665644543,111.055950931,74.9643583429,201.221670848,154.164872978
2024-05-23,124.449791676,100.515576535,139.76881169,101.73925049,96.9434440552,83.152639225,111.715555463,74.3702231012,200.905722452,154.710250945
2024-05-24,124.544443858,99.9650603245,139.406201963,101.506661958,97.1030008012,82.6778964697,112.236275632,73.2651250027,202.858891921,154.512438443
2024-05-27,124.650787258,99.9675641312,140.005305275,101.414870127,97.0487656903,82.825386812,113.387578683,73.6911774781,202.823179313,153.928857741
2024-05-28,124.594274479,100.113750347,139.821963338,101.14468199,97.367631519,82.7835074227,113.121601513,74.2843914448,205.95543092,154.536965111
2024-05-29,125.344787731,100.290651713,140.409712289,101.020138698,96.8806099341,83.6532130015,112.513779985,74.4864921777,206.676108133,154.627812974
2024-05-30,125.090764499,100.029953577,140.302844408,101.090042276,96.9229922011,83.3958168834,111.962590647,74.9107975691,207.980921968,155.193435454
2024-05-31,125.105112683,99.8800593907,140.877318161,100.893865622,97.1685236986,83.2174483404,112.725596019,75.6865298769,207.506021931,155.335596253
2024-06-03,125.20739206,99.3359070272,141.530436661,100.855500719,97.1203218443,82.7986538426,113.346374479,75.5979175932,208.462364059,155.645327637
2024-06-04,124.338116442,99.0909514115,140.981847735,100.964249819,97.8589151097,82.7008109745,113.738008307,76.4473904643,208.740428495,156.246863083
2024-06-05,124.292110913,99.0176443959,140.414512272,100.815994929,97.7929624683,83.0825304607,113.713658941,76.8892335675,208.457804248,157.196563587
2024-06-06,124.871628971,99.2239484766,140.161105766,101.223362754,97.3821581437,82.8144054935,113.973638232,77.5348438958,207.913982564,157.180283673
2024-06-07,124.950180445,99.5235443225,140.867156091,100.873842514,97.2842925573,82.5584545023,114.518429244,77.3219597436,208.319260348,157.671251306
2024-06-10,124.576554413,99.1848811737,141.184184769,100.42736236,97.2289220283,82.2349878562,115.419219054,77.5959169381,209.065981288,157.709122675
2024-06-11,124.861304936,98.6269886965,141.386134644,100.128701968,97.7803881723,82.6236980559,114.900000505,77.8755466216,208.262900238,157.650738895
2024-06-12,124.084352488,97.8054754813,141.007431374,99.8096353329,99.115269425,82.3211746228,114.602251654,77.7133610475,208.723734274,158.943087224
2024-06-13,124.502387614,97.9557161588,141.610127376,99.5229217643,99.4382025993,82.9117209387,114.977044587,78.6673364034,210.580795734,158.889015798
2024-06-14,124.545673534,98.3911731069,142.617599397,99.3966661105,99.2321422941,83.3069927967,115.529227159,78.8656568749,209.50358723,158.734843682
2024-06-17,124.820717342,98.1049654187,143.869706644,99.2460708465,99.6911090892,83.792333106,116.12369524,79.2932192601,209.817870659,158.901994353
2024-06-18,124.627483308,97.7096321278,143.746255677,99.4523983467,99.4113815075,83.3480137058,116.609908656,78.8414302066,210.979615746,159.822392665
2024-06-19,124.777905592,97.4346658322,144.255679978,99.6136197021,99.2427575113,83.1491250852,117.15220299,78.0536464406,210.443438156,160.650178698
2024-06-20,125.313507147,96.859403435,144.869900534,99.594749491,99.0522186881,83.2190805553,117.344644061,78.8113054439,212.588858645,160.10034597
2024-06-21,125.235068062,97.2191964831,144.384488701,99.7051636026,98.8144901627,82.5565073186,118.918673885,77.1899791575,213.469511112,160.399618206
2024-06-24,125.872864867,97.323029672,144.984967629,99.5409561302,98.7450341626,82.846659354,118.942273827,78.4551681935,211.798030016,160.0090566
2024-06-25,125.621193211,97.6181234712,145.105048229,99.5418701163,99.2490667383,83.0107249445,118.560622331,79.7747205212,212.032190294,159.397886468
2024-06-26,125.534681287,97.5532552524,144.482067112,99.9167003825,99.1743767667,83.2691248287,118.537260958,79.6640306477,210.897798119,158.488724221
2024-06-27,125.614610598,97.4387451458,145.232815955,100.36004896,98.7724518331,83.6609042977,118.480621309,80.4217923315,209.260189099,158.773211914
2024-06-28,125.323594208,97.2957216364,144.734968664,99.742243174,99.1207570852,82.9740549866,119.33168178,78.8107265571,209.731299348,159.109382072
2024-07-01,125.29160599,97.4614663482,144.994477782,99.828485023,99.455961883,83.0926601406,120.375797623,79.9106675249,208.625387634,158.84221898
2024-07-02,125.757262603,97.7333912941,145.184053515,99.15235576,98.8545990645,83.1002603682,121.532567933,79.6480413728,210.112384798,159.069670944
2024-07-03,124.895797846,97.6557119157,144.822563589,100.102229269,98.8915018363,83.3192732411,121.387346531,79.2704551716,208.261717595,160.246167427
2024-07-04,125.148690397,97.6556375921,144.79646257,99.5622477506,99.3095916691,83.3391261833,121.32576231,79.1982960339,210.214804091,160.94349765
2024-07-05,125.59049522,98.0388938503,144.606270332,99.5193505642,99.7223091188,83.6258319866,121.663917099,80.2564274426,210.057987637,160.550035628
2024-07-08,126.921564589,98.0746493437,145.567381004,99.098355414,99.4990382012,84.2867187359,122.335228351,79.8778963436,210.405287195,160.097828963
2024-07-09,126.791322127,98.40377677,144.58693033,100.053149625,99.1951273169,84.3920400418,121.339496245,80.6113789326,208.446376687,160.110020941
2024-07-10,127.273373147,98.3867239222,144.280981998,100.17354162,99.5542425268,84.372454664,122.153308516,79.3186302978,209.833384972,160.22336117
2024-07-11,127.489321612,98.5729930117,144.699279399,99.8067976676,99.515728436,84.4897419398,122.834794747,79.4619809946,210.939375552,160.762941564
2024-07-12,127.958484937,98.7096821369,144.134154427,99.7995325842,99.2143588468,84.5759932147,123.250653507,80.0623635457,213.515319842,160.045907168
2024-07-15,127.675731138,99.1412331298,144.246382025,99.8513021057,99.2882883185,85.2088949182,121.866285466,80.7254580334,210.485500018,159.18643654
2024-07-16,128.245984293,99.3387580553,144.426529594,100.590689892,98.7497946129,85.2257307176,122.319489193,81.2432301881,211.054196587,160.023142298
2024-07-17,128.043798197,98.6856925934,144.156881936,100.773187939,99.0743033641,85.4151986941,121.135243325,81.8410668768,211.495480571,159.834455613
2024-07-18,127.278125828,98.5861101558,142.888931029,100.909141225,99.6366349251,84.9253030316,121.416055827,81.4615498353,210.517109654,159.947189928
2024-07-19,127.365952787,98.5448472776,142.021411361,101.530260791,99.3230797588,84.679186771,121.049948667,82.085609393,209.318663326,158.855125786
2024-07-22,128.244572167,99.3190677784,143.365695393,101.827695317,98.8182057859,85.388841478,121.331862214,81.972328437,209.782272079,159.544347579
2024-07-23,128.149547788,98.7515821706,143.029833822,102.048697431,98.5556055239,84.6112672138,121.305433517,81.8275480411,207.543585764,160.149944442
2024-07-24,127.75058808,98.1527838675,142.583892762,102.128024523,98.9630916497,83.588870203,120.767984626,81.0612375008,206.880506931,161.893715522
2024-07-25,128.18164214,97.9758074092,142.605860505,102.50401235,98.5452988409,83.8814648594,121.791448668,81.3743419687,207.708291241,162.632293539
2024-07-26,128.158415426,98.4427792645,142.778729356,102.592933799,97.9785194471,83.5018046567,123.166765686,79.1763458501,210.246030624,163.235444677
2024-07-29,128.282038752,97.7475051919,142.315424204,103.292690779,97.2440392161,83.4617795578,122.839227934,77.6307159318,211.602321377,164.872798672
2024-07-30,128.232120423,97.4561035516,141.682037733,104.051087228,96.4162238578,83.8370361015,122.949165724,77.2500631899,212.311066986,164.052201293
2024-07-31,128.253008053,97.133634257,142.368278806,103.393697511,97.0871256805,83.7792597065,122.261026366,78.0435253086,214.109829111,163.958973345
2024-08-01,128.011881569,97.1640446586,141.839224313,103.42351997,97.7539568399,84.1786304017,122.35279934,78.48080396,212.23654841,163.726753694
2024-08-02,128.052665068,97.2713771083,142.364767894,103.16345381,97.7259280896,84.4757707091,122.627311414,78.0413592619,215.062720783,163.200215274
2024-08-05,127.667332183,96.8397396032,142.665373206,103.143912468,97.3075445443,84.6275485429,123.515282397,76.7567772096,217.037221917,165.139241644
2024-08-06,127.556919326,96.438320994,143.755031023,102.766874994,98.1242879675,85.3626160579,123.551538513,78.1003887023,215.681007429,165.627278943
2024-08-07,127.561235201,96.2748818861,143.921375114,102.331382941,98.3321943646,85.3211288624,124.453117365,77.9494483167,219.104333468,166.760695457
2024-08-08,126.493898701,95.8012700115,143.897212903,101.953275981,99.5641278532,84.6407954116,124.570384423,78.0868772649,217.768290415,166.615530464
2024-08-09,127.971763013,96.2168303208,144.126096758,102.252637289,99.460271254,85.1706470525,125.447037141,78.959229181,218.071691992,166.518927927
2024-08-12,127.712238891,96.3391779603,143.675445661,101.747637678,100.397968296,85.609214158,124.727612576,80.9673604728,217.938666929,166.662267712
2024-08-13,127.360653715,96.7395726401,143.196181583,102.559224694,99.908911529,85.7347321355,122.517776933,82.0127020374,212.938395233,165.493766223
2024-08-14,126.623697937,95.854516864,142.20672504,102.47678756,100.04948007,85.031410715,121.969507285,81.0582351621,213.194669252,166.525739869
2024-08-15,127.201538013,96.2362910818,142.496904772,102.404658404,100.634784375,85.6385253733,120.984706415,83.2811823496,209.164550858,165.439145424
2024-08-16,126.541275578,95.8960767565,142.191952407,102.531476427,101.245375616,86.3287523416,120.26534735,83.5718581072,209.236697167,165.421312079
2024-08-19,126.211748197,96.2634787348,142.400940552,102.624056395,101.42086921,86.3371683364,120.578857782,82.4274085549,209.895350566,166.506435696
2024-08-20,126.534871581,96.3661191114,143.061429314,102.771083184,101.589732151,86.5816538986,121.606503461,83.0509456701,209.433213413,166.116738639
2024-08-21,126.96126747,96.6647214133,142.706066719,103.30419324,101.166124595,86.9759906645,121.1313154,83.9200131786,208.034185382,166.394577414
2024-08-22,127.114915373,97.0183060532,142.653162818,103.061383469,101.25843786,86.5510732342,122.830654877,83.1218864602,206.834704379,166.426510089
2024-08-23,126.381147279,96.6845886274,142.239296926,103.174684724,100.633566337,86.7826353391,121.767541038,82.7092004275,206.921086643,167.13180453
2024-08-26,125.883202396,96.366999449,141.820201928,102.718758142,100.925711309,86.2881599878,122.882657352,81.4806914062,209.215548828,168.285983821
2024-08-27,125.766509674,96.5183514911,141.738320092,102.138313279,101.062810508,85.942656595,122.075560929,80.6454573177,211.71831588,168.755234497
2024-08-28,125.555230371,96.8244932935,141.848038303,101.238687667,101.177070978,85.6957499453,121.583729868,80.7788664878,211.361847283,169.971084445
2024-08-29,125.55122774,96.8618246918,142.219875229,101.054273861,101.163184755,84.9938904916,121.968559638,80.5924826868,213.129075058,170.488125554
2024-08-30,125.83534818,96.9145802533,142.922476828,101.004249628,101.200117379,85.5907994107,122.024120449,79.6625079933,214.397661212,170.492983664
2024-09-02,125.769454796,97.2981947033,143.428659617,101.196429099,100.68036479,86.2353157061,121.947933247,80.6996542542,213.021262065,170.217579585
2024-09-03,125.824229973,97.3112963454,144.574119032,100.257135588,101.093383264,86.2571279336,121.375349264,81.7636890168,213.118335122,170.062474464
2024-09-04,126.015984696,97.2943891313,144.399769061,100.237359139,101.03344544,86.8602469644,121.143965295,82.3692930157,213.350056382,169.592513811
2024-09-05,126.480904189,97.0448887396,144.339967711,100.056138212,101.334590972,86.4719372008,121.972531266,82.870557706,214.870504387,169.534593496
2024-09-06,126.162481123,97.0783857709,144.479358001,100.189185472,100.378683124,85.4682336964,122.527497713,82.5130252422,214.972361154,169.688840124
2024-09-09,125.903467431,97.6651393338,144.919731983,101.004272047,100.083101525,85.6478173453,121.590675516,82.3986122971,213.820053155,169.373929977
2024-09-10,126.098672523,97.5347655319,145.320498525,101.031707713,99.9586157758,84.8519540177,122.300080335,83.0687617875,213.967742289,169.889930161
2024-09-11,126.026330563,97.6330226413,145.014271455,101.276724941,100.193801529,84.8938265181,122.067704012,83.04066737,212.159188931,171.45315746
2024-09-12,125.479682199,97.7466444786,144.958447664,101.623099518,100.434377134,85.0736071539,121.043079303,83.6950521894,210.28447735,172.410272962
2024-09-13,126.28420296,98.2743196282,145.570323495,101.452343561,100.848818323,86.1769805157,119.55575646,85.7192147836,209.368245358,171.111447564
2024-09-16,126.694486889,98.3739749522,146.055509168,101.307919243,100.151299785,86.3310034141,119.934434525,85.228952105,209.575925598,170.644199768
2024-09-17,126.663579585,98.5995584707,146.086851772,102.32685291,100.45074245,87.5502959953,118.807361327,87.2140209205,207.461072833,170.438677798
2024-09-18,127.593734506,98.9165059354,146.755801892,102.533552166,99.3179374524,87.7706231332,119.866754644,86.9260709733,209.362160199,169.562638903
2024-09-19,127.801257518,98.6846371378,146.903376678,101.891000875,99.545068032,87.531152198,120.766217825,86.9647505596,211.978060054,170.964624684
2024-09-20,128.091085556,98.8501453732,146.619094625,102.125674741,98.8348910043,88.0064271664,120.625372787,87.5716978976,210.790086677,169.660507072
2024-09-23,128.806467686,98.8757498255,146.382654463,102.359991137,98.4819766374,87.8590881302,120.676733104,87.0612852731,213.154893681,169.931614283
2024-09-24,128.574216854,98.6264196855,146.406423983,101.912274419,98.5909350516,87.335132407,121.285354547,85.0572777162,216.759075137,171.961385425
2024-09-25,128.601699487,98.8893527207,146.606528129,101.811656874,98.8791227213,88.8779444192,121.010886122,86.5092704564,217.887000498,172.025224797
2024-09-26,129.183972646,99.2237858596,147.071556459,101.768494715,98.7288603541,89.2973946469,120.87793206,86.3511246361,218.577956271,172.347219206
2024-09-27,128.514923392,99.0586906776,146.449623602,101.232951341,99.3153850623,88.9260305348,121.059626385,86.1383467348,218.532286141,173.022156525
2024-09-30,128.752784295,98.9415539125,147.190002306,101.04924386,99.9259340903,89.4518626967,120.202225699,87.9730493216,216.943467271,172.628185261
2024-10-01,128.391485246,98.1779046142,146.416900941,101.425482141,100.140029575,88.8155887163,120.211333599,86.8001786922,218.739461803,173.522748909
2024-10-02,128.633702981,98.28882286,147.249886147,101.299931513,100.049381624,89.7512270112,120.51349953,86.9541949058,217.40497164,174.245538336
2024-10-03,127.79134674,97.8767052435,147.161763428,101.118761779,100.742727326,89.065859928,120.048500087,87.6215537177,217.131349123,174.17587304
2024-10-04,128.404048037,98.4117557641,147.251826694,101.373805684,100.191564825,89.2564714488,119.882111084,87.2055017641,216.796487715,173.997800184
2024-10-07,128.508863949,98.9808457158,147.38438758,102.362910783,99.5811271565,90.0958969377,120.437018063,87.617081637,216.297698564,172.795410215
2024-10-08,128.917894062,99.6351222442,148.152427195,102.133427552,99.3609842406,91.1087622661,120.619930183,87.5559963767,216.349763974,173.535577441
2024-10-09,128.898705959,99.5924194948,149.313719367,102.400989388,98.8225543757,90.7767507632,119.871465624,87.2735507386,217.92790297,174.426628539
2024-10-10,127.984302509,99.2972697171,148.978512375,103.450725477,99.1587441257,91.0805229827,118.461163864,86.921548188,216.182658718,174.039804916
2024-10-11,128.831692472,99.9139027067,149.114505119,103.709011423,98.8191953596,91.5637311938,118.214767346,87.4809164063,216.494079685,172.400659881
2024-10-14,129.112199266,99.956310431,148.89034829,104.581909836,98.3894887714,92.0899917974,118.379168728,88.1020625498,215.121058612,173.315728031
2024-10-15,128.543386363,99.6428186069,148.551260865,104.379736857,99.1887631401,91.6483449393,116.924625607,88.3761691198,213.678616976,174.314606872
2024-10-16,128.495670732,99.9662499991,148.221968555,104.303670148,99.3338853056,91.3419008651,117.23460629,88.2879519674,213.592959088,174.370000966
2024-10-17,128.866760333,100.251737764,148.42482954,104.553690882,98.5860718176,91.5109036779,117.235788895,87.4221293946,212.852175814,173.026542609
2024-10-18,129.18720627,100.147072646,148.123525043,104.724478155,97.9853344242,90.8923130147,116.692497115,85.5879325991,215.017296278,172.912878917
2024-10-21,129.105202886,99.7360676088,148.100338927,104.483362781,98.3479667024,90.5989163443,116.447022997,84.838383713,215.881422557,174.416710412
2024-10-22,130.623080412,100.258909726,148.225864083,104.877297596,97.3331130609,91.194960905,116.066576714,84.1521549979,216.512354148,171.213779518
2024-10-23,130.93561611,100.294661735,148.647496485,105.266791188,97.4565584118,91.4457192655,115.252282574,84.1973543152,216.331123359,169.731089319
2024-10-24,131.696442373,100.566241611,148.999492501,104.983854,97.3618430198,91.4074865932,115.333395673,85.3233689512,215.103986292,169.097101515
2024-10-25,132.406820026,100.740534866,149.415294215,104.522945613,97.7070480559,92.0832747264,117.065631903,86.8308815222,213.145290515,168.714662383
2024-10-28,132.830043651,101.512025777,149.63501514,104.681730306,97.0374137712,92.2174559874,118.057273035,87.8459428223,211.12955658,168.178519644
2024-10-29,132.613091266,101.542411667,149.210357108,104.567964888,96.8670683211,92.7822513266,118.311338493,88.2897812342,210.974869964,168.55290847
2024-10-30,131.211241838,100.691143911,148.675350371,104.666502904,97.1324767171,91.757751545,119.062779791,87.942012539,210.701794887,168.361220175
2024-10-31,130.473575328,100.390275166,148.489379881,105.492493697,96.7771431994,91.359740729,117.61700968,88.116447545,209.484551735,168.741973911
2024-11-01,130.599923341,100.501125992,148.032164814,105.178039432,97.2522541625,91.1672652512,116.593252862,88.6601533763,208.834678238,169.501386025
2024-11-04,131.07414512,100.600168286,148.874216615,104.517801965,97.6967386797,91.1978423438,116.947202928,88.956099666,208.912161262,168.926409998
2024-11-05,131.288287026,100.311830606,149.955226365,103.678436668,98.3822655073,91.6621160477,117.575782676,88.9844855653,209.919296027,169.54392395
2024-11-06,131.073970174,99.7220630828,149.214056581,104.002016793,97.6799855739,91.4187189774,117.569490779,88.6156456803,209.347410925,170.096818457
2024-11-07,131.350801097,100.703214778,149.162974486,104.934470061,96.6638714296,92.0145270145,117.586689931,88.6668787333,209.397599686,170.693465983
2024-11-08,131.723746858,100.81006881,148.90331957,105.761095322,96.103008885,91.6323090343,117.869860842,87.98156805,209.823349011,169.704173401
2024-11-11,132.681128893,101.387993336,150.061499977,105.72716487,96.4487377397,93.9667843456,117.549501299,90.3086848205,207.788331547,169.393653607
2024-11-12,132.851013867,101.638346324,150.469032868,105.921159394,95.8749147165,93.9433959523,118.019044291,90.3077289869,206.669430103,169.041995315
2024-11-13,132.522258083,101.627977195,150.479828056,106.143301295,95.9252571201,93.8268257674,118.204725304,90.5036318031,205.313246375,168.069871483
2024-11-14,132.484436101,101.648394004,149.851724101,105.797241233,95.5842493007,94.0242795182,117.151227432,90.2854521743,206.296390324,168.356371047
2024-11-15,132.949923538,102.120826948,150.410149128,106.088318081,94.3447500779,94.8336335152,117.600869885,90.149152107,205.040136101,167.700278374
2024-11-18,132.39224786,101.853249245,150.189644793,106.210149792,94.5148844985,95.3940076937,117.109415791,90.7905956116,202.80296321,167.146509393
2024-11-19,132.839524444,102.126921243,150.309278298,105.99600645,94.766072558,94.5012711417,117.583716275,91.3425433798,203.980240418,166.929906442
2024-11-20,132.365583484,102.062292821,150.349692705,105.725289645,95.1366833142,95.2576739432,116.980499636,92.8993142223,204.966576202,166.596428427
2024-11-21,131.071709213,101.286122951,150.34932311,105.574882789,96.3204677316,94.2087824955,117.595911073,91.5382755111,203.778587928,167.711071416
2024-11-22,130.920160519,101.670833829,149.81471226,105.613127804,96.2594254309,94.6963322679,117.382572645,92.8299059504,204.616649593,166.925380396
2024-11-25,131.994732788,102.338980453,150.325694889,104.940421243,96.7428829289,95.0454589613,117.050266495,94.494373433,204.609778563,166.362403129
2024-11-26,131.540392624,102.021555984,150.087365514,105.399926445,96.1152682271,94.9802299547,117.486359184,93.6111829214,206.497184578,167.148231977
2024-11-27,131.154378786,101.917238772,150.051104738,105.596786631,96.6550440754,95.4085119241,118.127412484,94.0833300264,204.879373043,166.602359994
2024-11-28,130.020002204,101.664584636,148.634719196,105.631727909,97.0737632507,94.3114293067,118.953517592,93.9898547187,205.679754187,168.131855196
2024-11-29,131.174026986,102.161162074,148.779678538,106.091974947,97.3482205739,95.0089675447,118.181654353,95.8805823283,204.123893895,168.153844928
2024-12-02,131.099145666,102.760255256,148.339072704,106.315160163,97.6971332428,94.8891390873,117.601347818,97.5034396843,200.985437381,167.979634497
2024-12-03,130.706466467,102.497908254,147.540582534,106.662691479,97.7819056406,94.6451112908,116.809123319,97.5201168475,200.043098006,169.087675864
2024-12-04,130.63351347,102.71032971,148.08098321,106.166002216,98.4445830818,94.5072343141,115.717623442,98.2352880538,198.607679247,169.558156485
2024-12-05,129.494730793,102.402134697,147.242604858,106.382774252,98.611543571,93.7938010255,116.290467321,97.7159796991,198.582919502,169.912601232
2024-12-06,129.973952746,102.706775307,147.751720015,105.979819767,98.8863076565,93.4177240127,116.254080858,97.3372284146,200.373722989,169.315867999
2024-12-09,130.472189472,103.11731466,147.668218378,106.631532984,98.7885101645,95.2390079653,115.268062065,99.1058076708,199.339983193,168.51747044
2024-12-10,130.054043319,102.144442175,147.02440698,106.963244322,99.1066172721,94.6480549646,115.806021988,98.4744992527,200.366784733,167.929930454
2024-12-11,130.971256545,102.020493816,147.482122178,106.566073012,99.0727321408,94.2724856201,115.119363649,97.7322088509,202.109057445,167.151443846
2024-12-12,130.392939068,101.997222825,147.014204415,106.491037677,99.3062159516,94.249078787,114.318944953,97.8730405463,202.076552408,166.521839369
2024-12-13,130.679336933,101.814580951,147.165697297,106.580842717,98.9058393924,94.408978924,115.305654869,97.52632903,203.718175404,167.3940032
2024-12-16,131.23341061,101.726271939,147.196678544,106.478954852,98.9884827966,95.2219978643,114.543451046,99.5208321777,202.739031047,166.865960065
2024-12-17,130.539935231,101.080072878,147.062718961,106.00384475,99.5771179978,95.399590807,114.605552333,99.1808972029,203.765515013,167.443620214
2024-12-18,131.407696209,101.121899032,147.058385902,105.962189272,99.1693449346,95.5609718947,114.903565815,99.5123795218,203.565703743,166.721232144
2024-12-19,131.115678846,100.775125506,146.474261767,106.76490291,98.6148374571,94.9180712708,114.35990071,98.1469238464,203.769380139,168.05536387
2024-12-20,130.900537125,100.14938672,146.384694465,106.825727236,98.2281532763,93.8633955786,116.024941963,96.1433350087,205.432155581,168.235790187
2024-12-23,131.892429968,100.736878511,147.141796529,107.11308841,97.7678221851,95.9708529734,116.159732948,96.8659078716,204.864905093,167.80186228
2024-12-24,132.340410131,100.877714792,147.587720881,107.181729182,97.2488152696,96.7388127222,117.821633525,96.669885464,206.016324252,167.989487974
2024-12-25,132.120180216,100.72539895,146.975892688,107.225174374,98.0201663087,95.9910290858,118.33036174,96.9174744448,205.667454663,168.480351171
2024-12-26,132.112784131,101.173537412,147.165593789,107.702702999,97.0873269814,96.8549959918,118.780943812,97.6635496858,204.905964967,169.373503495
2024-12-27,132.27631742,101.520034588,147.528163371,107.966956054,97.0224695434,97.3136173747,119.435539868,97.0606358534,204.884539215,169.115251193
2024-12-30,132.828166864,101.685797962,147.652326643,108.116030414,96.507285682,96.9963924272,117.90561041,97.933811095,204.769478583,169.594237505
2024-12-31,132.200384606,101.611985695,147.390667279,108.029649496,97.1890600636,96.7837353115,118.717963471,97.2677413236,204.210362215,170.15310495
2025-01-01,132.648530617,101.698020001,147.590261499,107.969529134,97.4264972353,98.3037261762,119.083020914,97.7729273997,204.499403914,170.019515047
2025-01-02,132.861090578,101.438495491,146.950845916,108.159201854,98.0736885577,98.6857858823,118.953501922,98.859680254,201.962744079,169.999332918
2025-01-03,133.847557894,101.998713195,146.819529145,108.341434153,98.2339768926,100.598789183,117.093882394,100.611073344,199.501393125,169.3231699
2025-01-06,133.578338261,101.564161961,146.853559055,108.316923749,98.4868561466,99.2962471198,118.257933603,100.27959433,200.715105746,169.607960634
2025-01-07,133.598703564,101.66349789,146.900931486,107.519821706,98.8928685762,98.456675399,117.956546718,100.013432075,201.207086184,170.627575357
2025-01-08,133.099523567,101.628933441,146.432531137,107.917793778,98.3338431586,98.5275521134,117.49531349,100.250013798,199.316960891,170.923527628
2025-01-09,132.763480837,101.683947343,145.704819,107.926959612,98.3098807214,99.2145002363,117.425491539,100.693194047,197.740473261,170.09687031
2025-01-10,132.345351358,101.36655606,145.516633249,108.182110913,97.9579179461,98.1301699602,117.105298286,99.0292075217,200.766558695,170.461745731
2025-01-13,132.003731308,101.345239693,145.063856921,108.147061547,98.9239013654,97.6818583492,117.524824841,97.9137454203,201.190244589,171.347143115
2025-01-14,131.019245781,100.696110422,144.974325892,107.964249944,99.3840170059,96.9275702154,117.922375877,96.7471125976,202.453866644,172.658091801
2025-01-15,131.330243485,100.744133059,145.379073848,108.27508122,99.4293714733,97.2456978764,118.069908815,96.2333176877,202.233440461,173.416203872
2025-01-16,131.288590036,100.517232232,145.299519849,107.823121424,99.7262435164,97.4037075125,117.965377352,95.5493787968,202.707993739,175.181524036
2025-01-17,131.002719273,100.253615719,144.618701759,107.513921227,100.131840292,97.4326495018,117.548076045,95.210633068,204.150207702,177.150409675
2025-01-20,132.133440781,100.977733901,145.459989803,108.166771048,99.2740656879,97.4560470604,119.094901357,94.5347986686,204.242642081,176.061145058
2025-01-21,132.471806779,100.69958468,145.184982581,108.168965415,98.384540481,98.0501636649,119.387332006,94.4844889552,205.270274059,175.750671081
2025-01-22,133.178622534,100.862186525,145.310908881,107.592220103,98.1364489475,97.3625094742,120.250296741,93.8260170379,205.617515538,176.073236989
2025-01-23,133.495734955,101.03287339,145.472554877,107.471519609,98.1219223389,97.2181417914,119.697567237,94.111664317,206.589672099,176.319905726
2025-01-24,133.391562486,100.559769051,145.963112729,106.773799551,98.6781103642,98.2483901397,119.685207588,94.5923093935,206.558500733,176.505454305
2025-01-27,134.153105792,100.421847941,145.684614122,106.778833819,99.2776952331,98.1252792787,119.81240158,95.3044380015,206.830284674,177.043897437
2025-01-28,133.87106306,99.8852538685,145.22634425,106.560372388,99.2364910314,97.8635366518,120.207387621,93.7862989414,207.599980374,178.432432388
2025-01-29,134.005833864,100.047509333,145.676308963,106.409908023,99.9747331782,97.9579710099,119.824668041,93.5893117158,208.1517214,178.656438455
2025-01-30,134.293195167,99.9822726346,146.127458686,106.218592312,99.2550188667,97.3206842556,120.082293735,93.5101688643,208.888050341,178.776515256
2025-01-31,134.658703546,100.270883094,146.179283819,106.942369136,98.7379303854,97.9235522146,119.492158831,95.2149153769,207.991507113,179.216898772
2025-02-03,135.33178219,100.370757495,146.397828352,106.917736299,98.0788363331,98.2445748322,120.196312143,94.3188978544,209.807387057,177.860622486
2025-02-04,135.658486811,100.845936671,146.812564603,106.722735866,98.7419242939,98.5437504322,118.887668248,95.0429165814,208.099770339,176.96026409
2025-02-05,135.529171744,100.591006088,146.828061485,106.461858628,99.2576110064,97.532607575,119.59159239,94.7814357362,209.109356541,176.655355966
2025-02-06,136.301934361,100.449525138,146.347357621,106.620131077,99.3335084774,97.8784343822,120.483164757,94.8664320232,208.894696538,177.104014528
2025-02-07,135.834396342,100.412864809,146.010221842,107.416288055,100.112734198,98.1580902051,118.890476636,95.8799218108,207.619183695,176.004890875
2025-02-10,136.376965857,100.066185148,146.348303866,106.930927543,100.70071847,98.3937494791,119.447942078,95.2050034345,209.964284129,176.042125147
2025-02-11,135.978443277,99.8326275554,145.923111245,107.491773076,100.629270926,97.4788497883,119.271654899,94.6798706794,211.971518017,175.327638214
2025-02-12,136.157273309,99.8622744799,146.651115826,107.644212604,100.911241318,97.7971665972,118.69196726,95.6186483149,210.256574881,173.790228004
2025-02-13,135.851354575,99.8388408009,146.518468636,107.168785493,101.242157431,98.1162992742,119.055688684,95.8656261981,210.216478402,173.294843495
2025-02-14,136.029110238,100.116751702,147.006237507,107.174898168,100.993012578,99.0963441933,119.962411692,96.354608097,210.341889421,172.690919099
2025-02-17,135.727656489,100.045683872,147.452535265,107.168834518,101.902505056,98.9143726534,119.121032982,97.0230469911,210.587920649,173.921286375
2025-02-18,135.246532373,100.87746798,147.707128263,107.58007623,101.396144499,99.5915051638,119.117547514,97.5747177356,207.023276826,173.453111508
2025-02-19,134.660524944,100.897440497,147.417667339,107.477672569,102.105068408,99.5692608021,118.57307287,97.8191105698,206.472200864,173.959430508
2025-02-20,134.638378729,101.030531431,147.307891883,107.570722887,101.281826543,99.2850123887,119.056660376,97.8091979066,206.539144244,173.999678171
2025-02-21,134.244537963,100.610075919,147.265156751,107.923115372,101.408342035,99.1132909096,117.819656354,97.76663074,206.132454484,175.111867942
2025-02-24,134.71592453,101.116884933,147.416067695,107.427397932,101.09645156,99.8606319358,117.839337775,98.3836151923,205.442488731,174.338411782
2025-02-25,134.500543854,100.677928785,147.476205764,107.127709047,101.306999211,98.7133752064,118.327701765,98.9505766273,206.008936355,174.493655411
2025-02-26,134.827920224,100.982426807,147.5255562,106.777112617,101.975813064,98.5185069248,118.363823046,99.9097602427,204.767607109,173.676581509
2025-02-27,136.032833179,101.470418981,147.791522603,106.803596484,101.491447961,100.469464978,117.545146712,101.007162597,204.962982678,173.925943799
2025-02-28,136.102087455,101.289130747,148.1375513,106.396951714,102.16878254,100.836093974,117.834979535,100.599148875,204.96970253,174.684019336
2025-03-03,135.920482992,101.316947397,147.904660236,106.618318318,101.91682764,100.488640045,117.005473498,100.686894285,204.206949434,174.626103661
2025-03-04,136.284614066,101.475270477,148.320246526,106.430156807,101.120144688,100.039216362,117.778835359,100.545705054,205.816148295,173.693760441
2025-03-05,136.934815433,101.813591344,148.722237169,106.571561225,100.602073348,100.642339574,118.828420536,101.4558321,205.36634043,173.111553612
2025-03-06,137.136164188,101.912979119,148.596301347,106.616635711,100.12298844,100.586867404,117.944227269,101.681760962,204.537023434,173.289666558
2025-03-07,137.674499674,102.362719892,148.410534504,107.489779883,99.6071320763,101.076216261,117.633880835,101.802040012,204.615552221,172.408713176
2025-03-10,137.654128377,102.284454723,148.626945256,107.114170745,99.9153099767,100.29700173,118.406129569,102.384293544,206.41797054,172.087796027
2025-03-11,138.093438764,102.209820895,148.81417224,107.11750222,98.3736345328,98.9189552858,120.536725368,99.3872931659,209.501172153,172.064095564
2025-03-12,138.712107954,102.435292867,149.082070014,107.536935179,96.6912325892,98.6102045765,120.935146051,98.4976138712,209.531834262,172.171408874
2025-03-13,139.07076292,102.423999219,150.04644379,105.782340266,97.6072562902,99.372839476,120.704232812,99.1176057215,210.626708064,173.444521386
2025-03-14,139.267857238,102.599333746,150.019508877,104.516293039,98.4959388061,99.5527755231,119.74579491,98.8848221639,210.241181941,174.242690824
2025-03-17,139.997034264,102.806843481,150.398813942,104.271755042,98.1012833895,99.7653169877,119.575166275,99.1954800584,210.395248678,173.54905364
2025-03-18,139.61458161,102.942966038,150.541530607,103.5509752,98.7946146916,98.9869825739,119.507987563,99.5766752679,208.799569237,173.149433263
2025-03-19,140.383026968,103.070694361,150.922750061,103.786666554,97.5093099377,99.5197715335,119.901536588,98.8079404704,209.695089551,172.967725391
2025-03-20,139.511224718,102.228279402,150.46974801,103.587148914,97.8856550906,98.2699688395,119.91325189,97.776531179,211.359335891,173.752943166
2025-03-21,139.161407494,102.024605561,150.008472021,103.751495728,97.8336338851,98.5100390229,119.691562621,97.2846765073,212.522806571,172.463200667
2025-03-24,139.492011399,102.136040894,150.523908428,103.673197334,97.5273470776,98.721132466,119.035462677,96.9389075164,214.123421297,172.067325418
2025-03-25,139.553526431,102.029676989,150.471361728,102.635592173,97.766521793,98.910440532,119.476068153,95.8960817847,215.503104387,171.62393439
2025-03-26,139.3328893,102.109919923,151.199143868,102.916653311,97.6322915773,99.0971050604,119.890857257,96.7215131471,214.975447183,171.333487329
2025-03-27,139.200824571,102.307294076,151.595958474,102.328550068,97.6017478113,98.7094864776,119.963745495,96.4277897056,213.860661667,171.991933302
2025-03-28,139.679151072,102.548067511,152.027200267,102.440058767,97.3373304881,99.0933129648,119.778029734,97.2899699147,213.753392601,171.386402126
2025-03-31,139.690604054,102.867550197,152.064837481,102.171920155,98.4154729218,99.7297657326,120.385156758,97.3268634914,213.018515606,170.292279792
2025-04-01,139.746026771,102.812117203,151.38462118,102.682277511,98.3041219887,99.4472935056,119.35387008,97.4469114806,213.202016075,170.354640325
2025-04-02,139.430486658,103.211433208,150.975093322,102.40600442,98.6318240646,98.5985898362,118.884948822,97.540320279,214.117741808,171.037133534
2025-04-03,138.690938542,102.768025019,150.441118284,102.724717792,99.2495055995,98.188051888,118.00865636,97.6558009817,212.321961288,171.25647812
2025-04-04,138.808059073,102.901775098,151.322154582,102.122422927,99.3984256777,99.4227853439,117.3121441,99.0084200437,212.128447454,170.999972762
2025-04-07,138.388866824,102.609593885,151.401981257,101.969694411,99.5801742778,98.9279383409,117.911099516,98.2610363149,212.653357738,172.187723759
2025-04-08,137.763755322,102.098914911,150.644441801,102.66743121,99.7074632586,99.4308895561,118.935569074,97.7355166781,211.129095736,172.032196622
2025-04-09,138.021456747,102.411693977,150.976105108,102.224555801,100.338610455,100.501435117,118.826370551,98.9717268197,209.572290228,173.447411359
2025-04-10,137.995973795,102.594224252,150.808093441,102.254870642,100.943610914,99.9118276159,117.943018427,99.4299100585,208.012805458,172.520749763
2025-04-11,138.505406032,103.298069818,150.911571637,102.746798396,99.6640002533,100.484608591,116.853133485,99.9607527084,208.392956091,171.179329383
2025-04-14,138.237852263,102.89768952,150.616733077,102.558962976,99.2998312404,99.1420635528,116.538689988,98.7834666407,210.72536478,172.534638337
2025-04-15,138.660264395,102.887377514,150.738830951,102.778815239,99.3658066601,100.193955308,116.467411743,99.8120773988,209.507014645,172.043956957
2025-04-16,138.343366681,102.817233856,150.90051417,102.410753064,99.6093969282,99.9033128884,116.730290139,99.8471404752,208.747874545,170.993631234
2025-04-17,138.712317557,102.832236186,150.9365493,102.371040792,99.2015385474,100.19784727,118.015377884,99.680360551,209.564003175,170.348340101
2025-04-18,138.079538167,102.603400214,150.450172387,102.513080534,98.9896314021,97.7651528921,118.663097753,97.7947075509,212.749053309,171.053352037
2025-04-21,139.203915039,102.99608507,149.699370543,103.069456812,97.694672449,97.2683959062,119.191738445,96.954001859,212.541271134,169.958319462
2025-04-22,139.337626894,102.505040525,149.923127397,103.364833415,97.5315477318,96.3454963573,119.64252552,96.4533800185,211.781615006,171.485208341
2025-04-23,139.632877167,102.510469929,150.275736762,103.42957402,97.7000620308,96.7735372954,119.459444262,96.923319708,211.874760376,171.083439047
2025-04-24,140.230600091,103.001874984,150.48732343,103.659928445,98.1422687774,98.6488128657,119.363876896,98.626508646,211.231921236,169.363416437
2025-04-25,140.058612588,103.022770349,150.600497128,103.698752422,97.9306158318,98.2577959057,121.110569142,97.6772060259,211.964367099,169.396041542
2025-04-28,139.974015873,103.018006509,150.408706992,103.967761704,97.7393393314,98.6216104577,121.349447476,97.5817282659,213.314815902,171.167252333
2025-04-29,139.104086542,102.7084156,150.101320503,104.162184655,98.7378673183,98.7556395837,121.11824388,97.8829943524,212.027573259,172.087567125
2025-04-30,139.270432734,102.677106474,150.183600485,103.759247501,98.1562231751,98.2756117421,122.260392376,97.1169190288,213.118273024,172.643447921
2025-05-01,139.136692495,102.427186623,150.247927899,104.287729484,97.4152580769,98.8519031213,122.722143439,96.2692334925,213.748287266,172.584753318
2025-05-02,139.435797413,102.554428676,150.231896135,104.530579878,96.8723659604,99.6825169352,122.655628904,96.5735089657,212.916153279,172.179647332
2025-05-05,140.072891231,102.902157172,150.366034511,104.586498292,96.5980077962,101.049214705,122.649367458,96.9783519855,212.865553624,171.649306058
2025-05-06,140.410641856,102.725086052,150.566907759,103.971833017,95.9756703217,100.857192961,123.209339481,95.5239658882,213.940124562,172.316169747
2025-05-07,140.093992191,102.739817523,150.622216398,103.612620849,96.4378002425,100.990384613,123.144537948,95.7749411406,212.148628958,171.840727916
2025-05-08,140.783262057,102.978783449,151.315414373,103.731337815,96.8152906104,101.461273072,123.190363741,96.4076691705,211.125931738,171.454524881
2025-05-09,140.169328039,102.910550161,150.968907558,103.961576497,95.7627457171,100.608597616,124.076116439,96.0465917245,212.254733045,172.023948003
2025-05-12,140.497701273,102.680063809,150.617735473,104.25318383,95.2172951949,99.6214295786,124.886975503,94.2890682001,215.869536255,173.391664032
2025-05-13,141.264824464,103.084756776,151.054136805,103.990179059,93.5285591287,101.540096161,124.809240666,94.1956782182,215.189434836,173.094201988
2025-05-14,142.17597476,103.406644481,151.542847582,103.790251541,93.0628237187,101.497344687,124.303572102,94.1514655462,215.694189117,173.086691302
2025-05-15,142.492551184,103.161724874,151.489163778,104.368738636,93.6250612497,102.171220405,125.077545935,94.3693143966,215.599885357,172.523143822
2025-05-16,142.495825806,103.223318433,151.661262655,105.30119034,93.1788393454,102.310757566,123.878380341,94.8550208287,215.783317934,172.83113075
2025-05-19,143.049684084,103.629663446,151.69355532,106.211727363,93.0056077446,103.210212013,123.928076561,95.8387736522,213.464376699,172.178822226
2025-05-20,143.255546176,103.952344462,152.225150708,106.36966725,93.4374633849,102.996628294,123.81643143,96.9081002288,214.77664684,171.071880533
2025-05-21,143.859887629,104.176163032,152.75195056,106.309165387,93.9472878809,103.458887732,124.816818524,97.2572234976,215.35232391,169.647787475
2025-05-22,143.324030768,103.809036633,152.500580732,105.709087639,95.3394027119,102.400502944,124.275504486,96.1266729669,216.31592324,171.274156358
2025-05-23,143.302759395,104.124127172,152.593847021,106.533973399,94.5847394018,103.341961587,124.370453302,96.6910784071,214.857229639,169.644118854
2025-05-26,142.887839878,104.15831014,152.735237433,106.54779065,95.2437385473,102.909106918,123.907022075,97.2111088309,214.614393336,169.471109642
2025-05-27,143.317621315,104.760956247,153.493448909,106.166719718,95.4042665823,102.747971942,123.944924134,97.0948495058,215.099271288,169.615398994
2025-05-28,143.857221324,105.051971533,153.783662277,105.725451687,95.6267122077,102.60471085,124.380086292,97.536426608,214.70075113,169.077451594
2025-05-29,144.847366867,105.446925918,154.911776343,106.106681952,93.7877343767,103.696632497,125.455928685,97.524087042,216.320856931,169.559391087
2025-05-30,144.573608918,105.400614239,155.596377815,105.467246045,93.4871960792,103.074268348,126.642063102,97.3007842485,217.751347315,170.017075404
2025-06-02,144.478308746,105.920133355,155.625797081,105.822041886,93.2032519847,103.585638951,127.291512936,97.5566903085,218.011962057,169.725493396
2025-06-03,143.905134645,105.706771363,155.903455333,105.200169636,93.350254273,102.757493002,127.516821795,97.8911569864,218.725234588,168.675268599
2025-06-04,143.831474892,105.565324514,156.028449088,104.856747488,94.0002745269,103.008361579,126.710398598,98.8601294878,216.711683999,167.83017247
2025-06-05,144.349051823,106.016281621,156.337751304,104.899024378,93.6253269572,103.333496815,126.946202003,99.1490141385,216.605879408,167.661888866
2025-06-06,145.08051877,106.368994072,156.768998626,104.225170771,93.8882077352,103.81175204,126.801545297,99.9553631194,216.516784017,167.041116394
2025-06-09,145.333293795,106.318046236,156.514542688,104.148625988,93.5790606805,103.524147845,126.9753431,99.7244476814,214.753422595,167.131982244
2025-06-10,144.890712789,106.116752643,156.885095081,103.653771857,94.7620118273,103.150300153,127.64963818,99.471419095,214.988234163,166.998126142
2025-06-11,144.459063052,105.885441292,156.583302103,102.93172659,95.53238435,103.060444562,126.941587666,99.8926945237,216.25266511,168.586382769
2025-06-12,145.639838257,106.331546785,156.596340704,104.032721142,94.1642628822,102.940047787,127.354960157,99.905803442,215.059082745,167.173870787
2025-06-13,145.264400007,106.132449299,156.537389951,104.020711219,94.2821140771,102.510439474,126.857877889,100.338837089,214.681486908,167.435090712
2025-06-16,145.622911049,106.334936003,157.092252176,103.175909618,94.6788627641,102.552557753,127.022533803,100.286760745,215.994302643,168.429590925
2025-06-17,144.981065076,106.005199987,157.115408851,103.693999058,94.0294044422,101.332130281,126.941906038,100.005799273,215.716188681,169.538411631
2025-06-18,144.43691831,106.015214619,157.21210178,102.984515794,95.2331702798,101.39931945,126.71063216,99.6002962376,218.52574009,171.664249458
2025-06-19,144.597102498,105.65749434,157.55646909,102.856901131,95.9408754418,101.099211572,126.817468067,99.5667308038,217.845460751,172.102790687
2025-06-20,144.986298023,106.556764784,157.669084347,102.726872629,95.7908290022,102.891958072,126.426875416,100.003234994,216.464788968,170.200266191
2025-06-23,145.807350856,106.905099605,158.197730152,102.906153153,95.5249984789,103.477737701,126.135117943,100.364444607,216.565713983,169.641311117
2025-06-24,146.181243939,107.406325648,158.105199851,103.15243056,95.4695415496,103.837962161,126.534211711,100.439773486,214.808450933,167.578689105
2025-06-25,145.472406124,107.142569386,158.122179225,103.313222594,96.426604951,102.479663605,126.073122184,100.266759344,216.044416402,167.777625784
2025-06-26,146.259432129,107.04165745,158.522904378,103.219443865,96.4542294713,103.302590772,125.344155542,101.188435069,215.327827373,167.806358355
2025-06-27,147.467716654,107.56551636,158.64012281,103.301301908,96.6358563979,105.376342346,125.497048884,102.167457879,214.901668423,167.47465956
2025-06-30,146.816794996,107.366005595,157.955148278,103.598777948,97.1724455705,105.259276006,125.582985017,100.65812636,214.645241229,168.023330938
2025-07-01,146.008826046,107.121855404,157.612933942,103.575645858,98.058074119,104.838712973,124.621913245,101.690718106,213.071765805,166.693722037
2025-07-02,146.879630329,107.28685648,157.906870186,104.23469923,97.4272801895,105.449500318,124.945465326,101.887477527,212.072371584,166.000596331
2025-07-03,147.947598975,107.454876265,158.456334334,104.85397986,96.0131165617,106.830263918,125.090015512,103.086633434,211.61686822,165.035868229
2025-07-04,147.605533291,107.241281204,157.761042191,105.511457435,95.6716387213,106.027267092,125.480206871,102.763441461,211.960689575,165.61080919
2025-07-07,147.705023493,107.584974877,157.44659864,106.476983651,95.1435856925,105.235175015,125.920300066,103.179236396,210.846554481,164.189430419
2025-07-08,147.860598732,107.650239875,158.014400134,106.00844758,94.8575245545,105.349884578,126.779606473,103.698193283,210.81908328,164.383212872
2025-07-09,147.871663231,107.789743151,157.993450846,106.633898787,94.6308801453,106.306947889,127.611261159,104.616831727,209.455054371,163.60397236
2025-07-10,148.344597891,107.84749235,158.533741805,107.846182686,93.7699159209,107.190803089,126.832459557,105.371893299,208.415799778,162.711808287
2025-07-11,148.057011047,107.941632795,158.828444939,108.171905582,92.9371091956,107.809773197,127.539149946,106.599540805,206.472543467,161.96776355
2025-07-14,149.271920804,108.15224164,159.103759442,108.598946087,92.6131911515,108.811903013,128.520188257,106.799957455,204.131390944,161.336339071
2025-07-15,149.425405739,108.447659523,159.283250456,109.031017652,92.7784599261,109.356987602,127.656284843,107.539925232,201.460557917,159.8275219
2025-07-16,149.624324195,108.178630338,158.777950414,109.095652917,92.4701943523,109.522709149,126.317239855,108.278877987,200.418405684,158.912779519
2025-07-17,149.115499628,108.355656901,158.836531971,108.926199542,92.4470527173,109.483177258,125.578004722,108.43184911,199.947219302,159.439912131
2025-07-18,150.053825497,108.581978445,158.755342209,108.50447296,91.5747979417,110.391888161,125.666266923,108.593901224,199.3522383,159.692190316
2025-07-21,149.618296927,109.033968722,158.512787466,109.137884326,91.8840903416,110.804610881,125.675813899,109.618981124,196.868459906,160.009975184
2025-07-22,150.558731971,109.446058465,159.556183957,109.597831785,91.8971777031,111.634156307,125.033064446,110.585586694,197.567600008,157.63049249
2025-07-23,150.851280559,109.455359707,158.931844542,110.048995927,92.1694123955,111.596003756,124.296128785,111.422899866,196.763017187,158.277663057
2025-07-24,150.48199293,109.603773482,159.088950674,110.415542898,92.7939271608,111.411912304,124.443742269,111.167226051,195.501207123,157.65642586
2025-07-25,150.511073348,109.977978511,159.666192468,110.290924118,93.5165623771,112.412659466,124.357148666,111.981536532,194.332314556,157.23871292
2025-07-28,151.608872099,110.249548839,160.517773061,109.137843128,92.5314003706,113.576044369,125.470922666,112.552059653,196.162153982,156.652573209
2025-07-29,151.017701421,110.134694281,160.445622817,109.183222682,92.4800265855,113.032518336,125.12579275,113.141125719,194.407886346,156.986593529
2025-07-30,151.393228587,110.240087983,160.463198917,108.97401472,92.4606346537,114.20016236,125.672310095,113.138403533,193.962968783,154.934396374
2025-07-31,151.099536381,110.192866265,160.773977324,108.380989406,92.3112341621,113.868226578,124.765425411,113.044695998,194.359104428,154.377184614
2025-08-01,150.311602656,109.447601441,160.769993087,108.066668365,92.6292475992,111.708917392,125.259960837,112.572059523,194.700477946,155.419529856
2025-08-04,150.497189316,109.969368284,160.418713652,108.524569709,92.3583852577,112.364800458,124.970434929,113.185286326,193.8407227,155.625734166
2025-08-05,149.903661416,109.329823672,160.193919192,107.965045576,93.5837808386,112.233598037,124.388399569,113.468037165,193.733820833,156.495290601
2025-08-06,148.773128177,108.804308533,158.818432912,108.712923971,92.9552347701,110.126634678,125.171712442,112.150093376,193.451179515,157.620679301
2025-08-07,149.206751723,109.111158746,158.98546754,107.789998214,93.333831517,111.124839611,125.202875171,112.533032228,194.186868502,157.163649984
2025-08-08,150.600785202,109.467414304,160.531707687,106.423465606,93.6947942128,112.069791706,126.22373059,113.796604372,195.339303206,156.411124056
2025-08-11,149.791778783,109.10795953,160.667291538,106.71442378,93.4837772673,110.936176522,125.750542388,113.81485845,194.234548832,156.669706844
2025-08-12,149.883018075,109.344322272,161.041923487,106.804118871,94.147286147,111.0608175,126.10744444,113.712680399,192.75284069,157.400387504
2025-08-13,149.364262186,109.331145852,160.217226454,108.035200173,94.2062482527,110.360236929,126.034295212,113.376204228,192.014328067,157.445105943
2025-08-14,148.932983384,109.137023905,159.198383145,109.141658927,94.2701756243,110.451451409,125.998644878,113.435317065,192.182773735,157.592046687
2025-08-15,149.267046112,109.791268615,159.41278497,109.089618485,92.656428925,112.606075984,126.548792922,113.059195307,192.334988824,156.675281922
2025-08-18,149.440263805,109.96743822,159.145361994,109.333655344,92.7915999544,113.75819149,126.124904885,113.596166661,191.658628693,156.468457885
2025-08-19,149.522287276,110.197819779,159.479098826,109.763457302,92.8453071608,113.831804259,125.336319062,113.667063112,192.07123901,156.346789256
2025-08-20,148.776772804,110.450484357,159.089568739,110.683282895,93.0300236325,113.909015235,125.419007926,113.734855677,192.141397917,156.025755404
2025-08-21,148.427410228,110.114820969,159.509876755,110.585343162,93.5417655637,113.599951991,126.11135245,112.991919114,192.682390697,156.953354109
2025-08-22,148.170652824,110.375143341,159.313770271,110.242150438,94.1218730938,112.876625012,125.218027945,112.385129508,191.106086763,157.847178109
2025-08-25,148.081438272,110.168541448,158.597091333,110.914311765,93.462420987,111.896486391,124.688705854,110.864597753,193.03014864,158.521136136
2025-08-26,148.367319352,110.360158601,158.834906081,110.957900287,92.9255456647,111.340979992,125.159588433,110.981583362,193.868414074,158.612639856
2025-08-27,148.281829832,110.225252179,158.98814296,110.749331438,93.5569597308,110.040696979,127.495316396,109.418182787,195.853837887,158.510624714
2025-08-28,148.778067401,110.593780114,159.278200861,111.070623704,92.9787121049,109.384300867,127.998946265,109.468983271,195.859634912,157.836084039
2025-08-29,148.400611725,110.134661737,159.215801283,110.866578694,94.6804829166,109.465265805,128.087131177,109.436356052,195.618675362,158.320279904
2025-09-01,149.308054522,110.317410964,159.803568054,110.352949445,94.3674752801,109.612724862,129.219075903,108.801644936,196.348530591,159.083244042
2025-09-02,149.274108453,110.150312726,159.582026009,110.628089021,94.8699969008,109.673717385,128.682128621,109.540567694,196.6656561,158.666299825
2025-09-03,149.537164735,110.184791406,160.734350274,108.577243201,95.7787396889,109.443459003,129.377656033,109.741446418,197.25373368,159.352900218
2025-09-04,149.030184842,109.860087412,160.857539043,107.654015046,96.5155016598,108.03050214,129.608020065,109.325480999,198.326136709,160.353124658
2025-09-05,149.028586826,109.799458642,161.724270814,106.242604035,97.009102919,108.259084069,129.319045082,109.890363158,198.202900045,160.717593315
2025-09-08,149.375134171,109.875942371,161.520818454,106.19035404,95.8241422991,107.983720821,129.91183572,110.036516277,200.631768413,160.340182837
2025-09-09,148.758862709,109.768303703,161.706978006,107.330533335,94.8517678456,107.035825064,130.567315161,109.445603777,201.848783632,160.59276249
2025-09-10,149.361035832,110.128042733,161.767473815,107.543717869,95.0186966384,107.132035644,131.228816158,109.901478623,202.752859331,161.49742459
2025-09-11,148.653360019,109.894828302,160.354802161,108.135407159,96.1186232097,107.187889065,130.393856348,110.22972091,202.784860986,161.574295014
2025-09-12,148.403417011,109.780629212,159.32322729,108.813235621,95.9935184443,105.839867536,130.360824635,110.015909752,203.413236239,162.120518398
2025-09-15,148.330281227,109.665854366,159.322320327,108.982769239,95.3163446032,104.791334285,131.163679787,108.894502804,204.42270068,162.627487041
2025-09-16,149.038921091,109.710296155,159.620780089,110.291182725,95.2022399352,106.691609116,131.107879812,109.900415709,202.621039909,161.714193704
2025-09-17,149.354217913,109.716633556,159.511569246,109.62572517,95.131947008,105.879801521,131.132501035,108.775790239,203.874859484,162.835306589
2025-09-18,149.26695828,109.982671382,159.807594804,110.11240194,94.7396674648,105.362778107,131.566360695,108.289169745,204.755156626,163.596203842
2025-09-19,149.654525487,110.538239896,159.835024634,111.167120059,93.2767498561,105.91274755,132.555758735,108.177487581,204.7502631,162.129232677
2025-09-22,148.485504862,110.312659434,159.339514488,110.793136493,94.7688882963,105.470004873,132.516169734,107.958648815,204.769899575,162.79987114
2025-09-23,148.001609985,110.501663599,159.63099232,111.802193625,95.1824034809,105.763230051,132.838497989,108.106147854,204.342063227,161.320919547
2025-09-24,148.206930328,110.828896218,159.681392868,111.731242669,95.0685168231,105.987391007,132.506204549,108.0228506,204.808905756,162.690406692
2025-09-25,148.327724579,110.728353212,160.324338091,111.342312938,95.5159563733,106.31182956,132.889245257,108.612058177,203.394692729,161.458424169
2025-09-26,148.019734997,110.589793157,159.815428902,111.47873077,95.8585630721,106.161071881,133.373508327,108.742305162,202.857637861,160.783516396
2025-09-29,147.809448775,110.342515933,159.771855723,112.178278918,95.9437195419,105.868754333,132.877544168,108.905079868,201.432429759,160.55000713
2025-09-30,147.562185237,110.206230066,160.006933218,111.779057981,96.9513729384,105.269072504,132.26621096,108.750700607,201.786957342,161.77571993
2025-10-01,148.235921,110.551590664,160.337662235,113.144004123,95.9175854302,105.795745982,133.46452246,109.394674421,201.578931372,161.576220445
2025-10-02,148.186250093,110.550796673,160.121505647,113.56588011,94.9917716956,105.843507211,133.630821296,108.404643761,203.097116724,159.970214639
2025-10-03,147.532959735,109.926444111,159.533080165,113.133490151,95.8436534214,104.001096408,133.742866877,106.91794901,203.849959021,161.364932894
2025-10-06,148.071009035,109.747830064,159.987783254,112.819001314,95.035556172,104.479908542,134.109149431,107.0910727,203.047514854,160.788961438
2025-10-07,146.945596916,109.490914129,159.297168082,114.762979815,94.6620276914,103.812939522,133.326128201,106.865295351,202.106661536,159.85752291
2025-10-08,148.009778701,109.567841061,160.12970142,113.163810248,95.4508853977,105.098181661,134.737731584,106.838427823,204.18918729,159.714268922
2025-10-09,147.402223172,109.027673801,159.868741417,113.524216648,95.4663658521,103.526042557,134.868116742,105.779987642,205.022298097,160.607593332
2025-10-10,147.126130781,109.024763099,159.6739836,113.786257054,96.9981547614,104.102019185,134.663547042,105.350936825,204.028740334,160.826367554
2025-10-13,147.267351111,108.905575879,160.12536241,113.995358361,96.2625909654,105.4837275,134.346035684,105.359248966,203.979162669,160.792530268
2025-10-14,147.000301067,108.78348727,160.694542095,113.185125643,95.9691621088,105.857675846,133.959712898,105.226723798,205.06350976,161.411323436
2025-10-15,147.468704652,108.943944603,160.458395088,113.81878821,96.2927073596,106.085036305,133.704273672,105.496427627,204.196830747,160.677967179
2025-10-16,147.397273184,109.339163838,160.72033527,113.266438829,96.3312297899,106.439201172,133.120338066,106.451587254,204.659782483,160.190798804
2025-10-17,147.227162063,108.954833403,160.998163529,112.807520823,95.8242120263,106.134397772,133.188115684,105.584431313,204.289692544,160.898422162
2025-10-20,146.961504198,109.136578673,160.742424798,114.330396844,95.0107973392,106.372633545,133.182030436,105.49051998,204.379392864,158.968444647
2025-10-21,146.893066038,109.042103726,160.669761705,114.198978689,96.0804967418,107.229887973,132.280180975,106.167428114,201.529979992,158.349707115
2025-10-22,147.578028753,109.137644469,161.621562412,113.185412384,95.7896880182,107.490641515,133.334808897,106.30367252,200.811228997,158.935115261
2025-10-23,147.934844873,109.021147311,161.195301227,113.61691311,96.4205826733,107.569748548,132.693235419,106.196317411,201.635352704,158.438819986
2025-10-24,148.466245958,109.22984943,161.671964737,113.943808745,95.5166032277,107.108026709,133.069346523,106.207507549,201.371772113,157.023510232
2025-10-27,148.228003687,108.938403893,161.727839729,113.527193378,95.9303239608,106.685312276,133.231214416,105.180746352,203.815946968,158.082325862
2025-10-28,148.776564827,109.555286623,162.570201102,114.213950721,95.62558053,108.007978341,132.250398575,106.189149523,201.864169287,157.470008596
2025-10-29,148.458369253,109.485164743,162.211994121,113.844443973,95.0945720257,107.661577023,132.347065443,105.703808032,202.662975722,158.058811675
2025-10-30,148.840894483,109.818951533,162.180350576,114.340555864,94.9272565869,108.829146622,132.039430818,106.678863332,201.294975329,156.354607854
2025-10-31,148.868938786,109.698718761,162.671140741,114.334547015,94.5293944777,108.500377994,131.515355451,107.085834851,201.758941919,156.402758862
2025-11-03,149.238074769,109.779299443,163.474709964,113.544736132,95.3758691953,108.872257703,131.277651169,107.782668305,202.864599362,157.218767745
2025-11-04,149.507155434,109.548447849,163.120569382,112.49411692,95.8252026765,107.066347169,132.659597661,106.473948291,206.386504417,158.365059994
2025-11-05,149.754893508,110.222527133,162.910940565,113.319576351,95.445380202,107.364087053,131.903609077,107.12279879,203.582959201,157.071196324
2025-11-06,150.110818748,110.328690782,162.832016024,114.986350125,93.956141377,108.721145665,131.435625564,107.316302454,204.189831589,157.559537601
2025-11-07,150.566338117,110.315381415,162.918867177,114.305985795,94.5225179897,108.736002192,131.879069258,106.88487756,204.020974786,157.509121535
2025-11-10,150.165664704,110.046499947,162.349734769,113.213009703,96.5274638807,108.174864142,132.125219202,106.144099412,202.721343589,156.475482642
2025-11-11,150.149166707,109.916825981,161.756789876,112.91401519,97.2214002894,107.977408517,132.266021824,104.710266803,203.138314863,158.207566804
2025-11-12,150.719024398,110.210608167,161.409215492,115.043301423,97.3042399545,108.336601583,131.473115156,106.052813296,200.820451994,157.533828575
2025-11-13,149.668853931,109.524002974,160.52316603,114.967979307,97.7742149536,107.455791803,132.774603255,105.010704466,201.278390806,158.251988793
2025-11-14,150.307900012,109.904021869,160.682287055,115.777784939,96.9084747574,108.207831017,133.711684752,104.460743347,202.381146979,155.518859427
2025-11-17,150.556709612,109.809964519,161.038922211,115.855034639,98.0110329371,109.16419988,133.386076032,105.092087126,201.089142487,154.095141225
2025-11-18,150.69468312,109.730918201,160.793301242,115.360292078,96.2971553969,107.099252324,133.92877194,104.092816321,201.20996768,154.807186547
2025-11-19,150.79250227,109.8232265,160.502469368,117.149680222,95.4222445249,107.891906303,133.536746666,104.510260018,200.332566547,153.906669877
2025-11-20,149.994775232,109.768822924,160.188513767,116.548081213,95.5719339393,107.728039085,133.235700331,103.639252327,202.102685313,155.930315743
2025-11-21,150.831347388,110.206617749,160.792966529,116.046074561,94.9851557527,108.091894069,133.368082074,104.086560698,202.713873201,156.820376761
2025-11-24,150.756191237,109.853153678,160.30122095,115.237453687,95.7457194546,106.29633799,134.390968614,103.489099833,203.618646456,159.070029278
2025-11-25,150.186954249,109.672316272,160.063838263,116.024603778,95.7989867666,105.664817834,135.035410094,103.529858251,205.121616032,159.917053476
2025-11-26,149.785430688,109.941486908,159.520499247,116.779062272,95.2011898962,105.194019989,135.072209497,102.916134872,207.504715536,162.360551054
2025-11-27,149.889368143,110.055363446,159.377954801,117.973158973,95.6378048233,106.392965223,134.986188741,104.462306848,205.805955669,160.519404677
2025-11-28,150.252209944,110.231214232,159.52736665,118.594217864,96.2240016228,107.273898916,134.887020761,105.11501176,205.494383206,160.077025991
2025-12-01,149.69808813,109.850989253,159.14382777,118.492936487,96.7428727659,106.683129903,134.99732526,104.737254916,205.278172834,160.764382285
2025-12-02,149.334942431,109.937628826,158.681931607,119.141246514,96.2911446523,106.025046832,135.818994924,104.933264922,205.728625379,159.79961643
2025-12-03,149.496542316,109.72301083,158.531859778,118.98464146,97.9422317057,106.122407331,135.745106872,105.654973017,204.217118692,160.009162113
2025-12-04,149.509725867,109.687554381,158.274543781,119.45301155,98.8804142607,105.536675267,134.837341385,105.065782178,203.385036758,159.649725669
2025-12-05,149.261889137,109.630383842,158.552504716,118.577922124,99.6778290042,106.19730571,134.897162066,106.18194789,203.258747607,159.461660047
2025-12-08,149.316735778,109.588084236,158.46685052,119.671551152,99.2390765746,105.85175897,134.822013548,105.510999064,201.667678871,159.063693819
2025-12-09,149.227068612,109.866156222,158.48847436,120.519425576,98.8979708169,106.020515239,133.945862454,105.218886141,199.115525868,159.765428955
2025-12-10,149.760768705,110.104176372,158.481519558,120.3778834,98.3760322766,106.402160185,134.353193349,105.383690252,200.191503745,161.275431707
2025-12-11,149.66863413,110.624564142,157.806375262,119.65873476,99.001589733,106.859487839,134.119695377,105.626755675,201.363133339,160.686058873
2025-12-12,149.26365033,110.925446981,157.744715285,121.230697308,98.5730082533,106.064937931,134.030353606,104.915750485,201.337323843,161.184374916
2025-12-15,149.559496032,110.999117271,157.990413918,121.349962878,98.6755228954,106.495449681,133.597719716,105.139979396,202.022756167,160.93965606
2025-12-16,149.300148762,111.049343225,158.143646434,121.076557466,98.5996697525,106.900876114,133.733093397,106.217768403,201.736951766,159.618241662
2025-12-17,149.517051132,111.106759585,157.135206071,120.679151733,98.6392458639,106.976341695,132.61353404,106.06656407,202.301121541,157.377284839
2025-12-18,150.047225441,111.583037335,157.234344521,120.04103306,98.5853654226,106.778364211,132.130720374,107.153591619,199.856431268,157.161530739
2025-12-19,150.009248683,111.570505284,157.043964567,120.236680843,99.2387176865,106.449138106,132.52865493,107.301899877,200.403585149,158.9600581
2025-12-22,149.319350019,111.088310936,156.316605113,120.096275596,99.788461566,105.263584399,133.380180653,107.384764358,200.669662452,159.008436524
2025-12-23,150.137390242,111.369927091,156.90779598,119.8900075,99.0072409578,105.410877367,133.92565873,107.218885205,201.695685589,158.664901464
2025-12-24,150.465305712,112.18384839,157.544131602,120.903408623,98.6077848912,105.799677035,133.377060662,107.595837924,200.471965303,157.208903969
2025-12-25,150.219364851,112.335799672,156.759465029,120.479661221,99.7440320948,106.088211422,132.327773958,108.700581604,200.10243681,157.513607348
2025-12-26,149.990741864,112.455122139,157.051845959,120.178482239,100.579630926,106.348205544,133.140009584,109.35833875,199.812014841,158.076263078
2025-12-29,150.678533315,112.797918038,157.483078871,119.333148895,100.120759337,105.723292529,133.326988677,109.508393004,199.689723606,158.679902969
2025-12-30,150.944591949,113.235221711,157.730475048,117.970022804,99.8200311916,106.272280506,134.043918103,109.449471172,199.29435059,160.127496262
2025-12-31,150.174765075,113.056659033,157.141869545,117.684920375,100.862808085,105.690783813,134.04750941,109.416445669,200.129476943,164.864000452
